Data,Migraine,1 Betulaceae (1),2 Compositae (2),3 Corylaceae (3),4 Fagaceae (4),5 Gramineae,6 Oleaceae (5),7 Plantaginaceae,8 Urticaceae,9 Cupr./Taxaceae,10 Cheno-Amarantacee,11 Polygonaceae,12 Euphorbiaceae,13 Myrtaceae,14 Ulmaceae,15 Platanaceae,16 Aceraceae,17 Pinaceae (6),18 Salicaceae (7),19 Cyperaceae,20 Cannabaceae,21 Caprifoliaceae (8),22 Ericaceae,23 Ginkgoaceae,24 Hippocastanaceae,25 Juglandaceae,26 Juncaceae,27 Lauraceae,28 Leguminosae,29 Mimosaceae,30 Moraceae,31 Palmaceae,32 Papaveraceae,33 Saxifragaceae,34 Tiliaceae,35 Umbelliferae,36 Vitaceae,41 ALTRI (9),42 NON IDENTIF. (10),43 TOTALE POLLINI (11),44 Alnus,45 Betula,46 Ambrosia,47 Artemisia,48 Alternaria,49 Botrytis,50 Epicoccum,51 Corylus,52 Carpinus/Ostrya,53 Olea,54 Fraxinus excelsior/ornus,55 Cladosporium,56 Stemphylium,57 Torula,58 Helmintosporium,59 Pithomyces,60 Polytrincium,61 Agrocybe,62 Arthrinium,63 Chaetomium,64 Curvularia,65 Entomophthora,66 Oidium,67 Periconia,68 Peronospora,69 Pleospora,70 Puccinia,71 Castanea,72 Fagus,73 Quercus,74 Ligustrum,75 Larix,76 Populus,77 Salix,78 Sambucus,79 Ailanthus,80 Parietaria,81 Urtica membranacea
,,,,,,,,,,,,,,,,,,,,,,,,,,,,,,,,,,,,,,,,,,,,,,,,,,,,,,,,,,,,,,,,,,,,,,,,,,,,,,
,,,,,,,,,,,,,,,,,,,,,,,,,,,,,,,,,,,,,,,,,,,,,,,,,,,,,,,,,,,,,,,,,,,,,,,,,,,,,,
,,,,,,,,,,,,,,,,,,,,,,,,,,,,,,,,,,,,,,,,,,,,,,,,,,,,,,,,,,,,,,,,,,,,,,,,,,,,,,
,,,,,,,,,,,,,,,,,,,,,,,,,,,,,,,,,,,,,,,,,,,,,,,,,,,,,,,,,,,,,,,,,,,,,,,,,,,,,,
,,,,,,,,,,,,,,,,,,,,,,,,,,,,,,,,,,,,,,,,,,,,,,,,,,,,,,,,,,,,,,,,,,,,,,,,,,,,,,
03/04/2017,0,"8,64",0,"5,76","35,52","0,96","4,32",0,0,0,0,"0,48",0,0,0,"2,88",0,0,"9,6",0,0,0,0,0,0,"0,96",0,0,0,0,0,0,0,0,0,0,0,0,"8,64","77,76",0,"8,64",0,0,0,0,0,0,"5,76",0,"4,32",0,0,0,0,0,0,0,0,0,0,0,0,0,0,0,0,0,0,"35,52",0,0,0,"9,6",0,0,0,0
04/04/2017,0,"22,08",0,"14,88","93,6","5,28","12,48",0,"2,88","10,08",0,"2,88",0,0,0,"29,28",0,0,"4,8",0,0,0,0,0,0,"2,4",0,0,0,0,0,0,0,0,0,0,0,0,"19,2","219,84",0,"22,08",0,0,0,0,0,0,"14,88",0,"12,48",0,0,0,0,0,0,0,0,0,0,0,0,0,0,0,0,0,0,"93,6",0,0,0,"4,8",0,0,0,0
05/04/2017,0,"7,68","0,48","3,36","89,76","1,92","0,48",0,"1,92","1,92",0,0,0,0,0,"9,6",0,0,"1,92",0,0,0,0,0,0,"0,48",0,0,0,0,0,0,0,0,0,0,0,0,"5,28","124,8",0,"7,68",0,0,0,0,0,0,"3,36",0,"0,48",0,0,0,0,0,0,0,0,0,0,0,0,0,0,0,0,0,0,"89,76",0,0,0,"1,92",0,0,0,0
06/04/2017,0,"7,68",0,"10,08","99,84","1,92",0,0,"1,92","0,48",0,"0,48",0,0,0,"8,16",0,0,"0,96",0,0,0,0,0,0,0,0,0,0,0,0,0,0,0,0,0,0,0,"9,12","140,64",0,"7,68",0,0,0,0,0,0,"10,08",0,0,0,0,0,0,0,0,0,0,0,0,0,0,0,0,0,0,0,0,"99,84",0,0,0,"0,96",0,0,0,0
07/04/2017,0,"2,4",0,"4,32","36,48","5,28","2,4",0,"11,04",0,0,0,0,0,0,"9,6",0,"0,96",0,0,0,0,0,0,0,"0,96",0,0,0,0,0,0,0,0,0,0,0,0,"8,64","82,08",0,"2,4",0,0,0,0,0,0,"4,32",0,"2,4",0,0,0,0,0,0,0,0,0,0,0,0,0,0,0,0,0,0,"36,48",0,0,0,0,0,0,0,0
08/04/2017,0,"4,32",0,"4,8","27,36","3,36","2,4","0,48","7,2","0,48",0,"0,48",0,0,0,"4,8",0,0,0,0,0,0,0,0,0,"1,44",0,0,0,0,"7,68",0,0,0,0,0,0,0,"6,24","71,04",0,"4,32",0,0,0,0,0,0,"4,8",0,"2,4",0,0,0,0,0,0,0,0,0,0,0,0,0,0,0,0,0,0,"27,36",0,0,0,0,0,0,0,0
09/04/2017,0,"3,84","0,48","1,44","42,72","3,36","4,8","0,48","15,36","0,48",0,"0,48",0,0,0,"9,6",0,0,"0,96",0,0,0,0,0,0,"2,4",0,0,0,0,"11,52",0,0,0,0,0,0,0,"14,4","112,32",0,"3,84",0,0,0,0,0,0,"1,44",0,"4,8",0,0,0,0,0,0,0,0,0,0,0,0,0,0,0,0,0,0,"37,92",0,0,0,"0,96",0,0,0,0
10/04/2017,0,0,0,"2,88","15,36","5,28","1,92",0,"3,36",0,0,"1,44",0,0,0,0,0,"0,96",0,0,0,0,0,0,0,0,0,0,0,0,0,0,0,0,0,0,0,0,"4,8",36,0,0,0,0,0,0,0,0,"2,88",0,"1,92",0,0,0,0,0,0,0,0,0,0,0,0,0,0,0,0,0,0,"15,36",0,0,0,0,0,0,0,0
11/04/2017,0,"4,32",0,0,"27,36","4,32",0,0,"15,36",0,0,"1,92",0,0,0,0,0,"1,92",0,0,0,0,0,0,0,0,0,0,0,0,0,0,0,0,0,0,0,0,"6,72","61,92",0,"4,32",0,0,0,0,0,0,0,0,0,0,0,0,0,0,0,0,0,0,0,0,0,0,0,0,0,0,0,"27,36",0,0,0,0,0,0,0,0
12/04/2017,0,0,0,0,"9,12","5,76","1,92",0,"5,76","9,12",0,0,0,0,0,0,0,"1,92",0,0,0,0,0,0,0,"2,88",0,0,0,0,"4,32",0,0,0,0,0,0,0,"3,84","44,64",0,0,0,0,0,0,0,0,0,0,"1,92",0,0,0,0,0,0,0,0,0,0,0,0,0,0,0,0,0,0,"9,12",0,0,0,0,0,0,0,0
13/04/2017,0,"0,96",0,0,"10,08","0,96","1,92",0,"2,4",0,0,0,0,0,0,0,0,0,0,0,0,0,0,0,0,"2,4",0,0,0,0,0,0,0,0,0,0,0,0,"2,4","21,12",0,"0,96",0,0,0,0,0,0,0,0,"1,92",0,0,0,0,0,0,0,0,0,0,0,0,0,0,0,0,0,0,"10,08",0,0,0,0,0,0,0,0
14/04/2017,0,0,0,"6,72","21,12","3,84","0,96",0,"4,32","0,96",0,"1,44",0,0,0,0,0,"2,4",0,0,0,0,0,0,0,"0,48",0,0,0,0,"2,88",0,0,0,0,0,0,0,"2,4",48,0,0,0,0,0,0,0,0,"6,72",0,"0,96",0,0,0,0,0,0,0,0,0,0,0,0,0,0,0,0,0,0,"21,12",0,0,0,0,0,0,0,0
15/04/2017,0,"0,48",0,"0,96","5,28","3,36","0,96",0,"2,4","2,4",0,"0,48",0,0,0,"0,48",0,"1,92",0,0,0,0,0,0,0,"0,48",0,0,0,0,0,0,0,0,0,0,0,0,"3,84","23,04",0,"0,48",0,0,0,0,0,0,"0,96",0,"0,96",0,0,0,0,0,0,0,0,0,0,0,0,0,0,0,0,0,0,"5,28",0,0,0,0,0,0,0,0
16/04/2017,0,"0,48",0,"1,44",12,"4,8","0,96","0,48",,"0,96",0,0,0,0,0,0,0,"32,64",0,0,0,0,0,0,0,0,0,0,0,0,0,0,0,0,0,0,0,0,"4,32","57,6",0,"0,48",0,0,0,0,0,0,"1,44",0,"0,96",0,0,0,0,0,0,0,0,0,0,0,0,0,0,0,0,0,0,12,0,0,0,0,0,0,0,0
17/04/2017,0,0,0,"0,48","10,08","31,2",0,0,"2,88","0,96",0,0,0,0,0,"0,48",0,"11,04",0,0,0,0,0,0,0,"0,48",0,0,0,0,"0,48",0,0,0,0,0,0,0,"17,76","75,84",0,0,0,0,0,0,0,0,"0,48",0,0,0,0,0,0,0,0,0,0,0,0,0,0,0,0,0,0,0,0,"10,08",0,0,0,0,0,0,0,0
18/04/2017,0,"0,48","0,48","0,96","17,28","6,24","0,96","0,96","2,88","6,72",0,"0,96",0,0,0,0,0,"96,48",0,0,0,0,0,0,0,"0,96",0,0,0,0,"0,96",0,0,0,0,0,0,0,"4,8","141,12",0,"0,48",0,0,0,0,0,0,"0,96",0,"0,96",0,0,0,0,0,0,0,0,0,0,0,0,0,0,0,0,0,0,"17,28",0,0,0,0,0,0,0,0
19/04/2017,0,"0,48",0,0,"3,36","1,92",0,0,"0,48","0,96","0,96",0,0,0,0,"0,48",0,"4,32",0,0,0,0,0,0,0,0,0,0,0,0,0,0,0,0,0,0,0,0,"6,72","19,68",0,"0,48",0,0,0,0,0,0,0,0,0,0,0,0,0,0,0,0,0,0,0,0,0,0,0,0,0,0,0,"3,36",0,0,0,0,0,0,0,0
20/04/2017,0,0,0,"0,48","6,24","12,48","2,4",0,"0,96","1,92","0,48",0,0,0,0,"0,48",0,"20,16",0,0,0,0,0,0,"0,48",0,0,0,0,0,0,0,0,0,0,0,0,0,"11,04","57,6",0,0,0,0,0,0,0,0,"0,48",0,"2,4",0,0,0,0,0,0,0,0,0,0,0,0,0,0,0,0,0,0,"6,24",0,0,0,0,0,0,0,0
21/04/2017,0,0,0,0,"2,4","8,64","0,48",0,"0,96","0,48",0,0,0,0,0,0,0,"8,64",0,0,0,0,0,0,0,0,0,0,0,0,0,0,0,0,0,0,0,0,"2,4",24,0,0,0,0,0,0,0,0,0,0,"0,48",0,0,0,0,0,0,0,0,0,0,0,0,0,0,0,0,0,0,"2,4",0,0,0,0,0,0,0,0
22/04/2017,0,0,0,0,0,"11,52","0,48",0,"0,48","0,48",0,"0,96",0,0,0,0,0,"1,92",0,0,0,0,0,0,0,0,0,0,0,0,0,0,0,0,0,0,0,0,"5,28","21,12",0,0,0,0,0,0,0,0,0,0,"0,48",0,0,0,0,0,0,0,0,0,0,0,0,0,0,0,0,0,0,0,0,0,0,0,0,0,0,0
23/04/2017,0,0,0,0,0,"13,92",0,0,"0,96","0,48","0,48","0,48",0,0,0,0,0,"1,44",0,0,0,0,0,0,0,0,0,0,0,0,"0,48",0,0,0,0,0,0,0,"3,36","21,6",0,0,0,0,0,0,0,0,0,0,0,0,0,0,0,0,0,0,0,0,0,0,0,0,0,0,0,0,0,0,0,0,0,0,0,0,0,0
24/04/2017,0,0,0,"0,48","2,4","26,4","2,4",0,"1,44","2,4",0,0,0,0,0,0,0,"4,8",0,0,0,0,0,0,0,0,0,0,0,0,0,0,0,0,0,0,0,0,"6,72","47,04",0,0,0,0,0,0,0,0,"0,48",0,"2,4",0,0,0,0,0,0,0,0,0,0,0,0,0,0,0,0,0,0,"2,4",0,0,0,0,0,0,0,0
25/04/2017,1,0,0,0,"3,36","6,24","0,48",0,"2,4","0,96",0,"0,96",0,0,0,0,0,"5,76",0,0,0,0,0,0,0,0,0,0,0,0,0,0,0,0,0,0,0,0,"2,8","22,96",0,0,0,0,0,0,0,0,0,0,"0,48",0,0,0,0,0,0,0,0,0,0,0,0,0,0,0,0,0,0,"3,36",0,0,0,0,0,0,0,0
26/04/2017,0,0,0,0,"0,96","0,48",0,0,0,0,0,0,0,0,0,0,0,"0,96",0,0,0,0,0,0,0,0,0,0,0,0,0,0,0,0,0,0,0,0,"0,96","3,36",0,0,0,0,0,0,0,0,0,0,0,0,0,0,0,0,0,0,0,0,0,0,0,0,0,0,0,0,0,"0,96",0,0,0,0,0,0,0,0
27/04/2017,0,0,0,0,"0,48","0,96",0,0,0,0,0,0,0,0,0,0,0,"0,96",0,0,0,0,0,0,0,0,0,0,0,0,0,0,0,0,0,0,0,0,"0,48","2,88",0,0,0,0,0,0,0,0,0,0,0,0,0,0,0,0,0,0,0,0,0,0,0,0,0,0,0,0,0,"0,48",0,0,0,0,0,0,0,0
28/04/2017,0,0,0,"0,96","0,96","3,84","0,48",0,0,0,0,0,0,0,0,0,0,"17,76",0,0,0,0,0,0,0,0,0,0,0,0,0,0,0,0,0,0,0,0,"6,24","30,24",0,0,0,0,0,0,0,0,"0,96",0,"0,48",0,0,0,0,0,0,0,0,0,0,0,0,0,0,0,0,0,0,"0,96",0,0,0,0,0,0,0,0
29/04/2017,0,0,0,0,0,"48,96",0,0,"0,48",0,0,"0,96",0,0,0,0,0,"5,76",0,0,0,0,0,0,0,0,0,0,0,0,0,0,0,0,0,0,0,0,"4,32","60,48",0,0,0,0,0,0,0,0,0,0,0,0,0,0,0,0,0,0,0,0,0,0,0,0,0,0,0,0,0,0,0,0,0,0,0,0,0,0
30/04/2017,0,0,0,"0,96",0,24,"0,48",0,"0,96",0,0,0,0,0,0,0,0,"1,44",0,0,0,0,0,0,0,0,0,0,0,0,0,0,0,0,0,0,0,0,"5,28","33,12",0,0,0,0,0,0,0,0,"0,96",0,"0,48",0,0,0,0,0,0,0,0,0,0,0,0,0,0,0,0,0,0,0,0,0,0,0,0,0,0,0
01/05/2017,0,0,0,0,3,63,0,0,2,0,0,5,0,0,0,0,0,2,0,0,0,0,0,0,0,0,0,0,0,0,0,0,0,0,0,0,0,0,7,82,0,0,0,0,0,0,0,0,0,0,0,0,0,0,0,0,0,0,0,0,0,0,0,0,0,0,0,0,0,3,0,0,0,0,0,0,0,0
02/05/2017,0,0,0,2,0,12,0,0,0,0,0,0,0,0,0,0,0,1,0,0,0,0,0,0,0,0,0,0,0,0,0,0,0,0,0,0,0,0,1,16,0,0,0,0,0,0,0,0,2,0,0,0,0,0,0,0,0,0,0,0,0,0,0,0,0,0,0,0,0,0,0,0,0,0,0,0,0,0
03/05/2017,0,0,0,0,0,21,0,3,0,0,0,0,0,0,0,0,0,16,0,0,0,0,0,0,0,0,0,0,0,0,0,0,0,0,0,0,0,0,4,44,0,0,0,0,0,0,0,0,0,0,0,0,0,0,0,0,0,0,0,0,0,0,0,0,0,0,0,0,0,0,0,0,0,0,0,0,0,0
04/05/2017,0,0,0,0,0,6,0,0,10,0,0,0,0,0,1,0,0,5,0,0,0,0,0,0,0,0,0,0,0,0,0,0,0,0,0,0,0,0,2,24,0,0,0,0,0,0,0,0,0,0,0,0,0,0,0,0,0,0,0,0,0,0,0,0,0,0,0,0,0,0,0,0,0,0,0,0,0,0
05/05/2017,0,0,0,0,0,26,0,3,8,0,0,0,0,0,11,0,0,6,0,0,0,0,0,0,0,0,0,0,0,0,0,0,0,0,0,0,0,0,10,64,0,0,0,0,0,0,0,0,0,0,0,0,0,0,0,0,0,0,0,0,0,0,0,0,0,0,0,0,0,0,0,0,0,0,0,0,0,0
06/05/2017,0,0,0,0,3,37,0,0,4,0,0,1,0,0,4,0,0,8,0,0,0,0,0,0,0,0,0,0,0,0,0,0,0,0,0,0,0,0,3,60,0,0,0,0,0,0,0,0,0,0,0,0,0,0,0,0,0,0,0,0,0,0,0,0,0,0,0,0,0,3,0,0,0,0,0,0,0,0
07/05/2017,0,0,0,0,5,11,0,0,4,0,0,0,0,0,1,0,0,2,0,0,0,0,0,0,0,0,0,0,0,0,0,0,0,0,0,0,0,0,5,28,0,0,0,0,0,0,0,0,0,0,0,0,0,0,0,0,0,0,0,0,0,0,0,0,0,0,0,0,0,5,0,0,0,0,0,0,0,0
08/05/2017,0,0,0,0,0,53,0,3,15,0,0,2,0,0,0,0,0,30,0,0,0,0,0,0,0,0,0,0,0,0,0,0,0,0,0,0,0,0,16,119,0,0,0,0,0,0,0,0,0,0,0,0,0,0,0,0,0,0,0,0,0,0,0,0,0,0,0,0,0,0,0,0,0,0,0,0,0,0
09/05/2017,0,0,0,0,0,9,0,0,0,0,0,0,0,0,0,0,0,4,0,0,0,0,0,0,0,0,0,0,0,0,0,0,0,0,0,0,0,0,3,16,0,0,0,0,0,0,0,0,0,0,0,0,0,0,0,0,0,0,0,0,0,0,0,0,0,0,0,0,0,0,0,0,0,0,0,0,0,0
10/05/2017,0,0,0,2,0,12,0,0,0,0,3,0,0,0,0,0,0,10,0,0,0,0,0,0,0,0,0,0,0,0,0,0,0,0,0,0,0,0,4,31,0,0,0,0,0,0,0,0,2,0,0,0,0,0,0,0,0,0,0,0,0,0,0,0,0,0,0,0,0,0,0,0,0,0,0,0,0,0
11/05/2017,0,0,0,0,0,7,0,0,1,0,0,0,0,0,0,0,0,0,0,0,0,0,0,0,0,0,0,0,0,0,0,0,0,0,0,0,0,0,2,10,0,0,0,0,0,0,0,0,0,0,0,0,0,0,0,0,0,0,0,0,0,0,0,0,0,0,0,0,0,0,0,0,0,0,0,0,0,0
12/05/2017,0,0,2,0,0,24,0,0,0,0,0,0,0,0,0,0,0,19,0,0,0,0,0,0,0,0,0,0,0,0,0,0,0,0,0,0,0,0,5,50,0,0,0,0,0,0,0,0,0,0,0,0,0,0,0,0,0,0,0,0,0,0,0,0,0,0,0,0,0,0,0,0,0,0,0,0,0,0
13/05/2017,0,0,2,0,0,54,0,1,8,4,2,0,0,0,0,0,0,36,0,0,0,0,0,0,0,0,0,0,0,0,0,0,0,0,0,0,0,0,,107,0,0,0,0,0,0,0,0,0,0,0,0,0,0,0,0,0,0,0,0,0,0,0,0,0,0,0,0,0,0,0,0,0,0,0,0,0,0
14/05/2017,0,0,6,5,0,162,0,6,0,15,0,0,0,0,0,0,0,46,0,0,0,0,0,0,0,0,0,0,0,0,0,0,0,0,0,0,0,0,20,260,0,0,0,0,0,0,0,0,5,0,0,0,0,0,0,0,0,0,0,0,0,0,0,0,0,0,0,0,0,0,0,0,0,0,0,0,0,0
15/05/2017,1,0,0,0,0,"12,96",0,0,"0,48",0,0,0,0,0,0,0,0,"34,56",0,0,0,0,0,0,0,0,0,0,0,0,0,0,0,0,0,0,0,0,"7,68","55,68",0,0,0,0,0,0,0,0,0,0,0,0,0,0,0,0,0,0,0,0,0,0,0,0,0,0,0,0,0,0,0,0,0,0,0,0,0,0
16/05/2017,0,0,0,0,0,"27,36",0,"0,48","0,96","2,4",0,0,0,0,0,0,0,"21,12",0,0,0,0,0,0,0,0,0,0,0,0,0,0,0,0,0,0,0,0,"9,12","61,44",0,0,0,0,0,0,0,0,0,0,0,0,0,0,0,0,0,0,0,0,0,0,0,0,0,0,0,0,0,0,0,0,0,0,0,0,0,0
17/05/2017,0,0,0,0,0,"71,04",0,"0,48","2,4","0,48",0,0,0,0,0,0,0,"16,8",0,0,0,0,0,0,0,0,0,0,0,0,0,0,0,0,0,0,0,0,"16,8",108,0,0,0,0,0,0,0,0,0,0,0,0,0,0,0,0,0,0,0,0,0,0,0,0,0,0,0,0,0,0,0,0,0,0,0,0,0,0
18/05/2017,0,0,"0,48",0,0,"51,84",0,0,"2,88",0,0,0,0,0,0,0,0,"18,72",0,0,0,0,0,0,0,0,0,0,0,0,0,0,0,0,0,0,0,0,"12,48","86,4",0,0,0,0,0,0,0,0,0,0,0,0,0,0,0,0,0,0,0,0,0,0,0,0,0,0,0,0,0,0,0,0,0,0,0,0,0,0
19/05/2017,0,0,0,0,0,"14,4",0,"0,96","0,48","0,48",0,0,0,0,0,0,0,"6,72",0,0,0,0,0,0,0,0,0,0,0,0,0,0,0,0,0,0,0,0,"7,68","30,72",0,0,0,0,0,0,0,0,0,0,0,0,0,0,0,0,0,0,0,0,0,0,0,0,0,0,0,0,0,0,0,0,0,0,0,0,0,0
20/05/2017,0,0,0,0,0,"10,56",0,0,0,0,0,"1,44",0,0,0,0,0,"23,04",0,0,0,0,0,0,0,0,0,0,0,0,0,0,0,0,0,0,0,0,"8,64","43,68",0,0,0,0,0,0,0,0,0,0,0,0,0,0,0,0,0,0,0,0,0,0,0,0,0,0,0,0,0,0,0,0,0,0,0,0,0,0
21/05/2017,0,0,0,0,0,"19,68",0,"0,96","2,88","0,48",0,"1,92",0,0,0,0,0,"5,28",0,0,0,0,0,0,0,0,0,0,0,0,0,0,0,0,0,0,0,0,"3,84","35,04",0,0,0,0,0,0,0,0,0,0,0,0,0,0,0,0,0,0,0,0,0,0,0,0,0,0,0,0,0,0,0,0,0,0,0,0,0,0
22/05/2017,0,0,0,0,0,"2,4",0,"0,48","0,96",0,0,"0,48",0,0,0,0,0,"0,96",0,0,0,0,0,0,0,0,0,0,0,0,0,0,0,0,0,0,0,0,"1,44","6,72",0,0,0,0,0,0,0,0,0,0,0,0,0,0,0,0,0,0,0,0,0,0,0,0,0,0,0,0,0,0,0,0,0,0,0,0,0,0
23/05/2017,0,0,"0,48",0,"1,92","6,24",0,0,"2,4","0,48",0,0,0,0,0,0,0,"4,32",0,0,0,0,0,0,0,0,0,0,0,0,0,0,0,0,0,0,0,0,"3,36","19,2",0,0,0,0,0,0,0,0,0,0,0,0,0,0,0,0,0,0,0,0,0,0,0,0,0,0,0,0,,"1,92",0,0,0,0,0,0,0,0
24/05/2017,0,"0,48",0,0,0,"5,76",0,"0,48","2,4","0,48",0,"0,96",0,0,0,0,0,"5,28",0,0,0,0,0,0,0,0,0,0,0,0,0,0,0,0,0,0,0,0,"7,2","23,04","0,48",0,0,0,0,0,0,0,0,0,0,0,0,0,0,0,0,0,0,0,0,0,0,0,0,0,0,0,0,0,0,0,0,0,0,0,0,0
25/05/2017,0,0,"0,48",0,0,"9,6",0,0,"1,92","1,44",0,"0,96",0,0,0,0,0,"23,52",0,0,0,0,0,0,0,0,0,0,0,0,0,0,0,0,0,0,0,0,"5,76","44,16",0,0,0,0,0,0,0,0,0,0,0,0,0,0,0,0,0,0,0,0,0,0,0,0,0,0,0,0,0,0,0,0,0,0,0,0,0,0
26/05/2017,0,0,0,0,0,"9,12",0,"0,96","6,72","0,96",0,0,0,0,0,0,0,"0,96",0,0,0,0,0,0,0,0,0,0,0,0,0,0,0,0,0,0,0,0,"5,28","25,44",0,0,0,0,0,0,0,0,0,0,0,0,0,0,0,0,0,0,0,0,0,0,0,0,0,0,0,0,0,0,0,0,0,0,0,0,0,0
27/05/2017,0,"0,96",0,0,0,"6,72",0,"0,96","3,36",0,0,"0,48",0,0,0,0,0,"1,44",0,0,0,0,0,0,0,0,0,0,0,0,0,0,0,0,"1,92",0,0,0,"4,8","20,64","0,96",0,0,0,0,0,0,0,0,0,0,0,0,0,0,0,0,0,0,0,0,0,0,0,0,0,0,0,0,0,0,0,0,0,0,0,0,0
28/05/2017,0,"0,96",0,0,0,"6,24",0,0,"2,4",0,0,"0,96",0,0,0,0,0,"3,84",0,0,0,0,0,0,0,0,0,0,0,0,0,0,0,0,0,0,0,0,"1,92","16,8",0,0,0,0,0,0,0,0,0,0,0,0,0,0,0,0,0,0,0,0,0,0,0,0,0,0,0,0,0,0,0,0,0,0,0,0,0,0
29/05/2017,0,0,0,0,0,"8,16",0,0,"2,4","1,92","0,96",0,0,0,0,0,0,"2,4",0,0,0,0,0,0,0,0,0,0,0,0,0,0,0,0,"1,44",0,0,0,"0,48","17,76",0,0,0,0,0,0,0,0,0,0,0,0,0,0,0,0,0,0,0,0,0,0,0,0,0,0,0,0,0,0,0,0,0,0,0,0,0,0
30/05/2017,0,0,0,0,0,"9,6","0,48","0,48","2,4","2,4","0,96",0,0,0,0,0,0,"0,48",0,0,0,0,0,0,0,0,0,0,0,0,0,0,0,0,"2,88",0,0,0,"3,84","23,52",0,0,0,0,0,0,0,0,0,0,0,0,0,0,0,0,0,0,0,0,0,0,0,0,0,0,0,0,0,0,0,0,0,0,0,0,0,0
31/05/2017,0,0,0,0,"2,4","13,44",0,0,"1,92","3,36",0,0,0,0,0,0,0,"16,32",0,0,0,0,0,0,0,0,0,0,0,0,0,0,0,0,"1,92",0,0,0,"1,44","40,8",0,0,0,0,0,0,0,0,0,0,0,0,0,0,0,0,0,0,0,0,0,0,0,0,0,0,0,"2,4",0,0,0,0,0,0,0,0,0,0
01/06/2017,0,0,"1,92",0,"5,28","11,04",0,0,0,"1,44","0,48",0,0,0,0,0,0,"5,28",0,0,0,0,0,0,0,0,0,0,0,0,0,0,0,0,"2,4",0,0,0,"1,92","29,76",0,0,0,0,0,0,0,0,0,0,0,0,0,0,0,0,0,0,0,0,0,0,0,0,0,0,0,"5,28",0,0,0,0,0,0,0,0,0,0
02/06/2017,0,0,"0,96",0,"1,92","23,52",0,0,"1,92",0,0,"0,96",0,0,0,0,0,"2,88",0,0,0,0,0,0,0,0,0,0,0,0,0,0,0,0,"1,92",0,0,0,"1,92",36,0,0,0,0,0,0,0,0,0,0,0,0,0,0,0,0,0,0,0,0,0,0,0,0,0,0,0,"1,92",0,0,0,0,0,0,0,0,0,0
03/06/2017,0,0,0,0,"29,76","13,44",0,0,"3,36",0,0,0,0,0,0,0,0,"5,28",0,0,0,0,0,0,0,0,0,0,0,0,0,0,0,0,"0,96",0,0,0,"2,88","55,68",0,0,0,0,0,0,0,0,0,0,0,0,0,0,0,0,0,0,0,0,0,0,0,0,0,0,0,"29,76",0,0,0,0,0,0,0,0,0,0
04/06/2017,0,0,0,0,"3,84","10,56",0,0,"0,96","0,48",0,0,0,0,0,0,0,"1,92",0,0,0,0,0,0,0,0,0,0,0,0,0,0,0,0,"1,92",0,0,0,"1,44","21,12",0,0,0,0,0,0,0,0,0,0,0,0,0,0,0,0,0,0,0,0,0,0,0,0,0,0,0,"3,84",0,0,0,0,0,0,0,0,0,0
05/06/2017,0,0,0,0,"50,88","11,52",0,"1,44","2,88",0,"4,8",0,0,0,0,0,0,"2,88",0,0,0,0,0,0,0,0,0,0,0,0,0,0,0,0,"0,48",0,0,0,"3,84","78,72",0,0,0,0,0,0,0,0,0,0,0,0,0,0,0,0,0,0,0,0,0,0,0,0,0,0,0,"50,88",0,0,0,0,0,0,0,0,0,0
06/06/2017,0,0,0,0,"20,16","8,64",0,"2,4","2,4","0,48","0,48",0,0,0,0,0,0,"0,48",0,0,0,0,0,0,0,0,0,0,0,0,0,0,0,0,0,0,0,0,"4,8","39,84",0,0,0,0,0,0,0,0,0,0,0,0,0,0,0,0,0,0,0,0,0,0,0,0,0,0,0,"20,16",0,0,0,0,0,0,0,0,0,0
07/06/2017,0,0,0,0,"26,88","4,32",0,"1,44","0,48","1,92",0,"0,48",0,0,0,0,0,"0,96",0,0,0,0,0,0,0,0,0,0,0,0,0,0,0,0,0,0,0,0,"2,4","38,88",0,0,0,0,0,0,0,0,0,0,0,0,0,0,0,0,0,0,0,0,0,0,0,0,0,0,0,"26,88",0,0,0,0,0,0,0,0,0,0
08/06/2017,0,"0,96",0,0,"23,04","8,64",0,"1,92","1,44","1,92",0,"0,96",0,0,0,0,0,0,0,0,0,0,0,0,0,0,0,0,0,0,0,0,0,0,0,0,0,0,"2,4","41,28","0,96",0,0,0,0,0,0,0,0,0,0,0,0,0,0,0,0,0,0,0,0,0,0,0,0,0,0,"23,04",0,0,0,0,0,0,0,0,0,0
09/06/2017,0,0,0,0,"30,72","6,24",0,"1,92","1,44","0,48",0,0,0,0,0,0,0,"0,96",0,0,0,0,0,0,0,0,0,0,0,0,0,0,0,0,"0,48",0,0,0,"4,8","47,04",0,0,0,0,0,0,0,0,0,0,0,0,0,0,0,0,0,0,0,0,0,0,0,0,0,0,0,"30,72",0,0,0,0,0,0,0,0,0,0
10/06/2017,0,0,"0,48",0,"40,32","2,4",0,0,0,0,0,0,0,0,0,0,0,"1,92",0,0,0,0,0,0,0,0,0,0,0,0,0,0,0,0,"1,92",0,0,0,"1,92","50,4",0,0,0,0,0,0,0,0,0,0,0,0,0,0,0,0,0,0,0,0,0,0,0,0,0,0,0,"40,32",0,0,0,0,0,0,0,0,0,0
11/06/2017,0,0,0,0,"7,68","0,96",0,0,0,0,0,0,0,0,0,0,0,0,0,0,0,0,0,0,0,0,0,0,0,0,0,0,0,0,0,0,0,0,"1,44","10,08",0,0,0,0,0,0,0,0,0,0,0,0,0,0,0,0,0,0,0,0,0,0,0,0,0,0,0,"7,68",0,0,0,0,0,0,0,0,0,0
12/06/2017,0,0,"0,48",0,"0,96","2,88",0,0,"2,4",0,0,0,0,0,0,0,0,"0,48",0,0,0,0,0,0,0,0,0,0,0,0,0,0,0,0,0,0,0,0,"0,48","7,68",0,0,0,0,0,0,0,0,0,0,0,0,0,0,0,0,0,0,0,0,0,0,0,0,0,0,0,"0,96",0,0,0,0,0,0,0,0,0,0
13/06/2017,0,0,"1,44",0,"6,24","15,36",0,"2,4","2,4","1,44",0,"0,48",0,0,0,0,0,"2,4",0,0,0,0,0,0,0,0,0,0,0,0,0,0,0,0,"0,96",0,0,0,"1,92","35,04",0,0,0,0,0,0,0,0,0,0,0,0,0,0,0,0,0,0,0,0,0,0,0,0,0,0,0,"6,24",0,0,0,0,0,0,0,0,0,0
14/06/2017,0,0,0,0,"103,2","12,48",0,"2,88","5,76","1,92",0,0,0,0,0,0,0,"1,92",0,0,0,0,0,0,0,0,0,0,0,0,0,0,0,0,"1,44",0,0,0,"2,4",132,0,0,0,0,0,0,0,0,0,0,0,0,0,0,0,0,0,0,0,0,0,0,0,0,0,0,0,"103,2",0,0,0,0,0,0,0,0,0,0
15/06/2017,0,0,0,0,"329,28","8,64",0,0,0,"2,88",0,0,0,0,0,0,0,"1,44",0,0,0,0,0,0,0,0,0,0,0,0,0,0,0,0,"2,88",0,0,0,"1,44","346,56",0,0,0,0,0,0,0,0,0,0,0,0,0,0,0,0,0,0,0,0,0,0,0,0,0,0,0,"329,28",0,0,0,0,0,0,0,0,0,0
16/06/2017,0,0,0,0,"51,84","4,32",0,"1,92","0,48",0,0,0,0,0,0,0,0,0,0,0,0,0,0,0,0,0,0,0,0,0,0,0,0,0,0,0,0,0,0,"58,56",0,0,0,0,0,0,0,0,0,0,0,0,0,0,0,0,0,0,0,0,0,0,0,0,0,0,0,"51,84",0,0,0,0,0,0,0,0,0,0
17/06/2017,1,"0,96","0,96",0,"12,48","6,72",0,"3,36","1,92","1,44",0,"1,92",0,0,0,0,0,"3,36",0,0,0,0,0,0,0,0,0,0,0,0,0,0,0,0,0,0,0,0,"0,48","33,6","0,96",0,0,0,0,0,0,0,0,0,0,0,0,0,0,0,0,0,0,0,0,0,0,0,0,0,0,"12,48",0,0,0,0,0,0,0,0,0,0
18/06/2017,0,"0,48","0,96",0,"7,2","8,64",0,"0,96",0,0,0,"0,96",0,0,0,0,0,"1,92",0,0,0,0,0,0,0,0,0,0,0,0,0,0,0,0,"0,48",0,0,0,"1,92","23,52","0,48",0,0,0,0,0,0,0,0,0,0,0,0,0,0,0,0,0,0,0,0,0,0,0,0,0,0,"7,2",0,0,0,0,0,0,0,0,0,0
19/06/2017,0,0,0,0,56,23,0,1,6,9,1,2,0,0,0,0,0,5,0,0,0,0,0,0,0,0,0,0,0,0,0,0,0,0,0,0,0,0,3,106,0,0,0,0,0,0,0,0,0,0,0,0,0,0,0,0,0,0,0,0,0,0,0,0,0,0,0,56,0,0,0,0,0,0,0,0,0,0
20/06/2017,0,0,0,0,3,14,0,1,5,0,0,0,0,0,0,0,0,2,0,0,0,0,0,0,0,0,0,0,0,0,0,0,0,0,0,0,0,0,0,25,0,0,0,0,0,0,0,0,0,0,0,0,0,0,0,0,0,0,0,0,0,0,0,0,0,0,0,3,0,0,0,0,0,0,0,0,0,0
21/06/2017,0,0,1,0,73,20,0,4,3,5,0,0,0,0,0,0,0,3,0,0,0,0,0,0,0,0,0,0,0,0,0,0,0,0,1,0,0,0,0,110,0,0,0,0,0,0,0,0,0,0,0,0,0,0,0,0,0,0,0,0,0,0,0,0,0,0,0,73,0,0,0,0,0,0,0,0,0,0
22/06/2017,0,0,0,0,24,20,0,0,0,0,1,0,0,0,0,0,0,1,0,0,0,0,0,0,0,0,0,0,0,0,0,0,0,0,0,0,0,0,0,46,0,0,0,0,0,0,0,0,0,0,0,0,0,0,0,0,0,0,0,0,0,0,0,0,0,0,0,24,0,0,0,0,0,0,0,0,0,0
23/06/2017,1,0,0,0,10,7,0,1,5,1,0,2,0,0,0,0,0,1,0,0,0,0,0,0,0,0,0,0,0,0,0,0,0,0,0,0,0,0,2,29,0,0,0,0,0,0,0,0,0,0,0,0,0,0,0,0,0,0,0,0,0,0,0,0,0,0,0,10,0,0,0,0,0,0,0,0,0,0
24/06/2017,0,0,0,0,3,18,0,0,1,0,0,0,0,0,0,0,0,0,0,0,0,0,0,0,0,0,0,0,0,0,0,0,0,0,0,0,0,0,0,22,0,0,0,0,0,0,0,0,0,0,0,0,0,0,0,0,0,0,0,0,0,0,0,0,0,0,0,3,0,0,0,0,0,0,0,0,0,0
25/06/2017,0,0,0,0,0,12,0,0,1,0,0,0,0,0,0,0,0,2,0,0,0,0,0,0,0,0,0,0,0,0,0,0,0,0,0,0,0,0,0,15,0,0,0,0,0,0,0,0,0,0,0,0,0,0,0,0,0,0,0,0,0,0,0,0,0,0,0,0,0,0,0,0,0,0,0,0,0,0
26/06/2017,0,0,0,0,"4,8","0,96",0,0,0,0,0,0,0,0,0,0,0,0,0,0,0,0,0,0,0,0,0,0,0,0,0,0,0,0,0,0,0,0,0,"5,76",0,0,0,0,0,0,0,0,0,0,0,0,0,0,0,0,0,0,0,0,0,0,0,0,0,0,0,"4,8",0,0,0,0,0,0,0,0,0,0
27/06/2017,0,0,0,0,0,"0,48",0,"0,48",0,0,0,0,0,0,0,0,0,"0,48",0,0,0,0,0,0,0,0,0,0,0,0,0,0,0,0,0,0,0,0,"0,96","2,4",0,0,0,0,0,0,0,0,0,0,0,0,0,0,0,0,0,0,0,0,0,0,0,0,0,0,0,0,0,0,0,0,0,0,0,0,0,0
28/06/2017,1,0,0,0,"3,84","0,48",0,"0,48",0,0,0,0,0,0,0,0,0,0,0,0,0,0,0,0,0,0,0,0,0,0,0,0,0,0,0,0,0,0,0,"4,8",0,0,0,0,0,0,0,0,0,0,0,0,0,0,0,0,0,0,0,0,0,0,0,0,0,0,0,"3,84",0,0,0,0,0,0,0,0,0,0
29/06/2017,0,0,0,0,"0,48","1,92",0,"0,48","0,48",0,0,0,0,0,0,0,0,0,0,0,0,0,0,0,0,0,0,0,0,0,0,0,0,0,0,0,0,0,0,"3,36",0,0,0,0,0,0,0,0,0,0,0,0,0,0,0,0,0,0,0,0,0,0,0,0,0,0,0,"0,48",0,0,0,0,0,0,0,0,0,0
30/06/2017,0,0,0,0,"0,48","0,96",0,0,0,0,0,0,0,0,0,0,0,0,0,0,0,0,0,0,0,0,0,0,0,0,0,0,0,0,0,0,0,0,0,"1,44",0,0,0,0,0,0,0,0,0,0,0,0,0,0,0,0,0,0,0,0,0,0,0,0,0,0,0,"0,48",0,0,0,0,0,0,0,0,0,0
01/07/2017,0,0,0,0,0,"2,4",0,"0,48",0,0,0,0,0,0,0,0,0,0,0,0,0,0,0,0,0,0,0,0,0,0,0,0,0,0,0,0,0,0,0,"2,88",0,0,0,0,0,0,0,0,0,0,0,0,0,0,0,0,0,0,0,0,0,0,0,0,0,0,0,0,0,0,0,0,0,0,0,0,0,0
02/07/2017,0,0,0,0,"5,76","4,32",0,0,"0,48",0,0,0,0,0,0,0,0,0,0,0,0,0,0,0,0,0,0,0,0,0,0,0,0,0,0,0,0,0,"0,48","11,04",0,0,0,0,0,0,0,0,0,0,0,0,0,0,0,0,0,0,0,0,0,0,0,0,0,0,0,"5,76",0,0,0,0,0,0,0,0,0,0
03/07/2017,1,0,0,0,2,1,0,0,0,0,0,0,0,0,0,0,0,0,0,0,0,0,0,0,0,0,0,0,0,0,0,0,0,0,0,0,0,0,0,3,0,0,0,0,0,0,0,0,0,0,0,0,0,0,0,0,0,0,0,0,0,0,0,0,0,0,0,2,0,0,0,0,0,0,0,0,0,0
04/07/2017,0,0,0,0,4,2,0,0,1,0,0,0,0,0,0,0,0,2,0,0,0,0,0,0,0,0,0,0,0,0,0,0,0,0,0,0,0,0,1,10,0,0,0,0,0,0,0,0,0,0,0,0,0,0,0,0,0,0,0,0,0,0,0,0,0,0,0,4,0,0,0,0,0,0,0,0,0,0
05/07/2017,0,0,0,0,3,5,0,2,2,0,0,0,0,0,0,0,0,0,0,0,0,0,0,0,0,0,0,0,0,0,0,0,0,0,0,0,0,0,3,15,0,0,0,0,0,0,0,0,0,0,0,0,0,0,0,0,0,0,0,0,0,0,0,0,0,0,0,3,0,0,0,0,0,0,0,0,0,0
06/07/2017,0,0,0,0,0,0,0,0,2,1,0,0,0,0,0,0,0,0,0,0,0,0,0,0,0,0,0,0,0,0,0,0,0,0,0,0,0,1,2,6,0,0,0,0,0,0,0,0,0,0,0,0,0,0,0,0,0,0,0,0,0,0,0,0,0,0,0,0,0,0,0,0,0,0,0,0,0,0
07/07/2017,0,0,0,0,1,3,0,1,0,0,0,0,0,0,0,0,0,0,0,0,0,0,0,0,0,0,0,0,0,0,0,0,0,0,0,0,0,0,0,5,0,0,0,0,0,0,0,0,0,0,0,0,0,0,0,0,0,0,0,0,0,0,0,0,0,0,0,1,0,0,0,0,0,0,0,0,0,0
08/07/2017,1,0,0,0,2,3,0,1,2,0,0,0,0,0,0,0,0,0,0,0,0,0,0,0,0,0,0,0,0,0,0,0,0,0,0,0,0,0,0,8,0,0,0,0,0,0,0,0,0,0,0,0,0,0,0,0,0,0,0,0,0,0,0,0,0,0,0,2,0,0,0,0,0,0,0,0,0,0
09/07/2017,0,0,0,0,5,3,0,2,0,0,1,0,0,0,0,0,0,0,0,0,0,0,0,0,0,0,0,0,0,0,0,0,0,0,0,0,0,0,5,16,0,0,0,0,0,0,0,0,0,0,0,0,0,0,0,0,0,0,0,0,0,0,0,0,0,0,0,5,0,0,0,0,0,0,0,0,0,0
10/07/2017,0,0,0,0,0,2,0,1,0,0,0,0,0,0,0,0,0,0,0,0,0,0,0,0,0,0,0,0,0,0,0,0,0,0,0,0,0,0,4,7,0,0,0,0,0,0,0,0,0,0,0,0,0,0,0,0,0,0,0,0,0,0,0,0,0,0,0,0,0,0,0,0,0,0,0,0,0,0
11/07/2017,0,0,0,0,0,1,0,0,0,0,0,0,0,0,0,0,0,0,0,0,0,0,0,0,0,0,0,0,0,0,0,0,0,0,0,0,0,0,,1,0,0,0,0,0,0,0,0,0,0,0,0,0,0,0,0,0,0,0,0,0,0,0,0,0,0,0,0,0,0,0,0,0,0,0,0,0,0
12/07/2017,1,0,0,0,0,2,0,1,9,0,2,1,0,0,0,0,0,0,0,0,0,0,0,0,0,0,0,0,0,0,0,0,0,0,0,0,0,0,1,16,0,0,0,0,0,0,0,0,0,0,0,0,0,0,0,0,0,0,0,0,0,0,0,0,0,0,0,0,0,0,0,0,0,0,0,0,0,0
13/07/2017,0,0,0,0,2,5,0,1,7,1,0,0,0,0,0,0,0,1,0,0,0,0,0,0,0,0,0,0,0,0,0,0,0,0,0,0,0,0,1,18,0,0,0,0,0,0,0,0,0,0,0,0,0,0,0,0,0,0,0,0,0,0,0,0,0,0,0,2,0,0,0,0,0,0,0,0,0,0
14/07/2017,0,0,0,0,0,4,0,0,9,1,0,0,0,0,0,0,0,0,0,0,0,0,0,0,0,0,0,0,0,0,0,0,0,0,0,0,0,0,2,16,0,0,0,0,0,0,0,0,0,0,0,0,0,0,0,0,0,0,0,0,0,0,0,0,0,0,0,0,0,0,0,0,0,0,0,0,0,0
15/07/2017,0,0,0,0,0,5,0,2,8,0,0,0,0,0,0,0,0,1,0,0,0,0,0,0,0,0,0,0,0,0,0,0,0,0,0,1,0,0,3,20,0,0,0,0,0,0,0,0,0,0,0,0,0,0,0,0,0,0,0,0,0,0,0,0,0,0,0,0,0,0,0,0,0,0,0,0,0,0
16/07/2017,0,0,0,0,0,4,0,0,5,0,0,0,0,0,0,0,0,0,0,0,0,0,0,0,0,0,0,0,0,0,0,0,0,0,0,0,0,0,3,12,0,0,0,0,0,0,0,0,0,0,0,0,0,0,0,0,0,0,0,0,0,0,0,0,0,0,0,0,0,0,0,0,0,0,0,0,0,0
17/07/2017,0,0,0,0,0,"1,92",0,0,"0,48",0,0,0,0,0,0,0,0,0,0,0,0,0,0,0,0,0,0,0,0,0,0,0,0,0,0,0,0,0,"0,96","3,36",0,0,0,0,0,0,0,0,0,0,0,0,0,0,0,0,0,0,0,0,0,0,0,0,0,0,0,0,0,0,0,0,0,0,0,0,0,0
18/07/2017,0,0,0,0,0,"0,96",0,0,"0,48",0,0,0,0,0,0,0,0,0,0,0,0,0,0,0,0,0,0,0,0,0,0,0,0,0,0,0,0,0,"0,96","2,4",0,0,0,0,0,0,0,0,0,0,0,0,0,0,0,0,0,0,0,0,0,0,0,0,0,0,0,0,0,0,0,0,0,0,0,0,0,0
19/07/2017,0,0,0,0,0,"0,48",0,"0,48",0,0,0,0,0,0,0,0,0,0,0,0,0,0,0,0,0,0,0,0,0,0,0,0,0,0,0,0,0,0,"0,48","1,44",0,0,0,0,0,0,0,0,0,0,0,0,0,0,0,0,0,0,0,0,0,0,0,0,0,0,0,0,0,0,0,0,0,0,0,0,0,0
20/07/2017,0,0,0,0,0,0,0,0,0,0,0,0,0,0,0,0,0,"0,48",0,0,0,0,0,0,0,0,0,0,0,0,0,0,0,0,0,0,0,0,"0,48","0,96",0,0,0,0,0,0,0,0,0,0,0,0,0,0,0,0,0,0,0,0,0,0,0,0,0,0,0,0,0,0,0,0,0,0,0,0,0,0
21/07/2017,0,0,0,0,0,0,0,"0,48",0,0,0,"0,48",0,0,0,0,0,"0,48",0,0,0,0,0,0,0,0,0,0,0,0,0,0,0,0,0,0,0,0,"0,48","1,92",0,0,0,0,0,0,0,0,0,0,0,0,0,0,0,0,0,0,0,0,0,0,0,0,0,0,0,0,0,0,0,0,0,0,0,0,0,0
22/07/2017,0,0,0,0,0,"0,96",0,0,"0,48",0,0,0,0,0,0,0,0,0,0,0,0,0,0,0,0,0,0,0,0,0,0,0,0,0,0,0,0,0,,"1,44",0,0,0,0,0,0,0,0,0,0,0,0,0,0,0,0,0,0,0,0,0,0,0,0,0,0,0,0,0,0,0,0,0,0,0,0,0,0
23/07/2017,0,0,"0,48",0,0,"1,44",0,0,"1,44",0,0,0,0,0,0,0,0,0,0,0,0,0,0,0,0,0,0,0,0,0,0,0,0,0,0,0,0,0,"0,96","4,32",0,0,"0,48",0,0,0,0,0,0,0,0,0,0,0,0,0,0,0,0,0,0,0,0,0,0,0,0,0,0,0,0,0,0,0,0,0,0,0
24/07/2017,0,0,0,0,0,0,0,0,"0,48",0,0,0,0,0,0,0,0,0,0,0,0,0,0,0,0,0,0,0,0,0,0,0,0,0,0,0,0,0,"0,48","0,96",0,0,0,0,0,0,0,0,0,0,0,0,0,0,0,0,0,0,0,0,0,0,0,0,0,0,0,0,0,0,0,0,0,0,0,0,0,0
25/07/2017,0,0,0,0,0,"0,96",0,"0,48","3,36",0,0,0,0,0,0,0,0,0,0,0,0,0,0,0,0,0,0,0,0,0,0,0,0,0,0,0,0,0,"1,92","6,72",0,0,0,0,0,0,0,0,0,0,0,0,0,0,0,0,0,0,0,0,0,0,0,0,0,0,0,0,0,0,0,0,0,0,0,0,0,0
26/07/2017,0,0,0,0,0,0,0,"0,96","1,44",0,0,"0,48",0,0,0,0,0,0,0,0,0,0,0,0,0,0,0,0,0,0,0,0,0,0,0,0,0,0,"0,96","3,84",0,0,0,0,0,0,0,0,0,0,0,0,0,0,0,0,0,0,0,0,0,0,0,0,0,0,0,0,0,0,0,0,0,0,0,0,0,0
27/07/2017,0,0,"0,96",0,0,"0,48",0,0,"2,4",0,0,0,0,0,0,0,0,0,0,0,0,0,0,0,0,0,0,0,0,0,0,0,0,0,0,0,0,0,0,"3,84",0,0,"0,96",0,0,0,0,0,0,0,0,0,0,0,0,0,0,0,0,0,0,0,0,0,0,0,0,0,0,0,0,0,0,0,0,0,0,0
28/07/2017,0,0,0,0,0,"0,96",0,"1,44","2,4",0,0,0,0,0,0,0,0,0,0,0,0,0,0,0,0,0,0,0,0,0,0,0,0,0,0,0,0,0,"0,48","5,28",0,0,0,0,0,0,0,0,0,0,0,0,0,0,0,0,0,0,0,0,0,0,0,0,0,0,0,0,0,0,0,0,0,0,0,0,0,0
29/07/2017,0,0,0,0,0,"0,96",0,0,"3,36",0,0,"0,96",0,0,0,0,0,0,0,0,0,0,0,0,0,0,0,0,0,0,0,0,0,0,0,0,0,0,0,"5,28",0,0,0,0,0,0,0,0,0,0,0,0,0,0,0,0,0,0,0,0,0,0,0,0,0,0,0,0,0,0,0,0,0,0,0,0,0,0
30/07/2017,0,0,0,0,"0,48","1,92",0,0,"1,44",0,0,"0,96",0,0,0,0,0,"0,48",0,0,0,0,0,0,0,0,0,0,0,0,0,0,0,0,0,0,0,0,"1,44","6,72",0,0,0,0,0,0,0,0,0,0,0,0,0,0,0,0,0,0,0,0,0,0,0,0,0,0,0,"0,48",0,0,0,0,0,0,0,0,0,0
31/07/2017,0,0,0,0,0,"1,92",0,"0,48","2,4",0,"1,44","0,48",0,0,0,0,0,0,0,0,,0,0,0,0,0,0,0,0,0,0,0,0,0,0,0,0,0,"0,96","7,68",0,0,0,0,0,0,0,0,0,0,0,0,0,0,0,0,0,0,0,0,0,0,0,0,0,0,0,0,0,0,0,0,0,0,0,0,0,0
01/08/2017,1,0,0,0,0,"0,96",0,0,"6,72",0,0,0,0,0,0,0,0,0,0,0,"1,44",0,0,0,0,0,0,0,0,0,0,0,0,0,0,0,0,0,"2,88",12,0,0,0,0,0,0,0,0,0,0,0,0,0,0,0,0,0,0,0,0,0,0,0,0,0,0,0,0,0,0,0,0,0,0,0,0,0,0
02/08/2017,0,0,"0,96",0,0,"1,44",0,0,"1,44",0,0,"0,96",0,0,0,0,0,0,0,0,"0,48",0,0,0,0,0,0,0,0,0,0,0,0,0,0,0,0,0,"0,96","6,24",0,0,"0,48","0,48",0,0,0,0,0,0,0,0,0,0,0,0,0,0,0,0,0,0,0,0,0,0,0,0,0,0,0,0,0,0,0,0,0,0
03/08/2017,0,0,0,0,0,"0,48",0,0,"3,84",0,0,"0,48",0,0,0,0,0,0,0,0,"0,96",0,0,0,0,0,0,0,0,0,0,0,0,0,0,0,0,0,"2,4","8,16",0,0,0,0,0,0,0,0,0,0,0,0,0,0,0,0,0,0,0,0,0,0,0,0,0,0,0,0,0,0,0,0,0,0,0,0,0,0
04/08/2017,0,0,0,0,0,0,0,0,"1,92",0,"0,48",0,0,0,0,0,0,0,0,0,0,0,0,0,0,0,0,0,0,0,0,0,0,0,0,0,0,0,0,"2,4",0,0,0,0,0,0,0,0,0,0,0,0,0,0,0,0,0,0,0,0,0,0,0,0,0,0,0,0,0,0,0,0,0,0,0,0,0,0
05/08/2017,0,0,"1,92",0,0,"0,48",0,0,"3,36",0,0,"0,48",0,0,0,0,0,0,0,0,0,0,0,0,0,0,0,0,0,0,0,0,0,0,0,0,0,0,"0,48","6,72",0,0,0,0,0,0,0,0,0,0,0,0,0,0,0,0,0,0,0,0,0,0,0,0,0,0,0,0,0,0,0,0,0,0,0,0,0,0
06/08/2017,0,0,0,0,0,"0,96",0,"0,48","9,12",0,0,"0,48",0,0,0,0,0,0,0,0,0,0,0,0,0,0,0,0,0,0,0,0,0,0,0,0,0,0,0,"11,04",0,0,0,0,0,0,0,0,0,0,0,0,0,0,0,0,0,0,0,0,0,0,0,0,0,0,0,0,0,0,0,0,0,0,0,0,0,0
07/08/2017,0,0,"0,96",0,0,"1,44",0,0,"2,88",0,0,"0,48",0,0,0,0,0,0,0,0,"0,48",0,0,0,0,0,0,0,0,0,0,0,0,0,0,0,0,0,0,0,0,0,0,0,0,0,0,0,0,0,0,0,0,0,0,0,0,0,0,0,0,0,0,0,0,0,0,0,0,0,0,0,0,0,0,0,0,0
08/08/2017,0,0,"2,88",0,0,"0,96",0,0,"7,68",0,"1,92",0,0,0,0,0,0,0,0,0,"7,68",0,0,0,0,0,0,0,0,0,0,0,0,0,0,0,0,0,0,0,0,0,"1,44","1,44",0,0,0,0,0,0,0,0,0,0,0,0,0,0,0,0,0,0,0,0,0,0,0,0,0,0,0,0,0,0,0,0,0,0
09/08/2017,0,0,"0,48",0,0,"0,48",0,"0,48","3,84",0,0,"1,44",0,0,0,0,0,"0,96",0,0,"2,4",0,0,0,0,0,0,0,0,0,0,0,0,0,0,0,0,0,0,0,0,0,0,"0,48",0,0,0,0,0,0,0,0,0,0,0,0,0,0,0,0,0,0,0,0,0,0,0,0,0,0,0,0,0,0,0,0,0,0
10/08/2017,0,0,"1,92",0,0,"1,44",0,0,"3,36",0,0,0,0,0,0,0,0,"0,48",0,0,"7,68",0,0,0,0,0,0,0,0,0,0,0,0,0,0,0,0,0,0,0,0,0,"1,44","0,48",0,0,0,0,0,0,0,0,0,0,0,0,0,0,0,0,0,0,0,0,0,0,0,0,0,0,0,0,0,0,0,0,0,0
11/08/2017,0,0,0,0,0,0,0,0,"2,88",0,"0,48",0,0,0,0,0,0,0,0,0,"10,56",0,0,0,0,0,0,0,0,0,0,0,0,0,0,0,0,0,0,0,0,0,0,0,0,0,0,0,0,0,0,0,0,0,0,0,0,0,0,0,0,0,0,0,0,0,0,0,0,0,0,0,0,0,0,0,0,0
12/08/2017,0,0,"0,48",0,0,"1,44",0,0,"6,72",0,0,0,0,0,0,0,0,0,0,0,"1,44",0,0,0,0,0,0,0,0,0,0,0,0,0,0,0,0,0,0,0,0,0,"0,48",0,0,0,0,0,0,0,0,0,0,0,0,0,0,0,0,0,0,0,0,0,0,0,0,0,0,0,0,0,0,0,0,0,0,0
13/08/2017,0,0,"0,96",0,0,"1,44",0,"0,48","2,88",0,"0,48",0,0,0,0,0,0,"0,48",0,0,"6,24",0,0,0,0,0,0,0,0,0,0,0,0,0,0,0,0,0,0,0,0,0,"0,96",0,0,0,0,0,0,0,0,0,0,0,0,0,0,0,0,0,0,0,0,0,0,0,0,0,0,0,0,0,0,0,0,0,0,0
14/08/2017,0,0,"0,48",0,0,0,0,0,"5,76",0,"0,48","0,48",0,0,0,0,0,0,0,0,"3,84",0,0,0,0,0,0,0,0,0,0,0,0,0,0,0,0,0,"2,88","13,92",0,0,0,"0,48",0,0,0,0,0,0,0,0,0,0,0,0,0,0,0,0,0,0,0,0,0,0,0,0,0,0,0,0,0,0,0,0,0,0
15/08/2017,0,0,"3,36",0,0,"3,36",0,"1,44","3,84",0,"0,48","0,48",0,0,0,0,0,0,0,0,"16,8",0,0,0,0,0,0,0,0,0,0,0,0,0,0,0,0,0,"0,96","30,72",0,0,"2,88",0,0,0,0,0,0,0,0,0,0,0,0,0,0,0,0,0,0,0,0,0,0,0,0,0,0,0,0,0,0,0,0,0,0,0
16/08/2017,0,0,"4,8",0,0,"0,48",0,0,"6,72",0,0,0,0,0,0,0,0,"0,48",0,0,"3,36",0,0,0,0,0,0,0,0,0,0,0,0,0,0,0,0,0,0,"15,84",0,0,"0,48","4,32",0,0,0,0,0,0,0,0,0,0,0,0,0,0,0,0,0,0,0,0,0,0,0,0,0,0,0,0,0,0,0,0,0,0
17/08/2017,0,0,0,0,0,"0,48",0,0,"10,08",0,"1,44","0,48",0,0,0,0,0,0,0,0,"6,24",0,0,0,0,0,0,0,0,0,0,0,0,0,0,0,0,0,"1,44","20,16",0,0,0,0,0,0,0,0,0,0,0,0,0,0,0,0,0,0,0,0,0,0,0,0,0,0,0,0,0,0,0,0,0,0,0,0,0,0
18/08/2017,0,0,"1,44",0,0,"0,96",0,"0,48","7,2",0,"0,48","0,96",0,0,0,0,0,0,0,0,"7,2",0,0,0,0,0,0,0,0,0,0,0,0,0,0,0,0,0,"0,96","19,68",0,0,"1,44",0,0,0,0,0,0,0,0,0,0,0,0,0,0,0,0,0,0,0,0,0,0,0,0,0,0,0,0,0,0,0,0,0,0,0
19/08/2017,0,0,"1,44",0,0,0,0,0,"2,88",0,0,0,0,0,0,0,0,0,0,0,"0,48",0,0,0,0,0,0,0,0,0,0,0,0,0,0,0,0,0,0,"4,8",0,0,0,"1,44",0,0,0,0,0,0,0,0,0,0,0,0,0,0,0,0,0,0,0,0,0,0,0,0,0,0,0,0,0,0,0,0,0,0
20/08/2017,1,0,0,0,0,"0,96",0,0,"13,44",0,0,0,0,0,0,0,0,0,0,0,"4,32",0,0,0,0,0,0,0,0,0,0,0,0,0,0,0,0,0,"0,48","19,2",0,0,0,0,0,0,0,0,0,0,0,0,0,0,0,0,0,0,0,0,0,0,0,0,0,0,0,0,0,0,0,0,0,0,0,0,0,0
21/08/2017,0,0,0,0,0,"3,36",0,"0,48","13,92",0,0,0,0,0,0,0,0,0,0,0,"6,72",0,0,0,0,0,0,0,0,0,0,0,0,0,0,0,0,0,"0,48","24,96",0,0,0,0,0,0,0,0,0,0,0,0,0,0,0,0,0,0,0,0,0,0,0,0,0,0,0,0,0,0,0,0,0,0,0,0,0,0
22/08/2017,0,0,"1,92",0,0,"1,92",0,0,"3,36",0,"0,96",0,0,0,0,0,0,0,0,0,"4,32",0,0,0,0,0,0,0,0,0,0,0,0,0,0,0,0,0,"3,84","16,32",0,0,"1,44","0,48",0,0,0,0,0,0,0,0,0,0,0,0,0,0,0,0,0,0,0,0,0,0,0,0,0,0,0,0,0,0,0,0,0,0
23/08/2017,0,0,"3,84",0,0,"2,4",0,"0,48","9,6",0,"1,92",0,0,0,0,0,0,0,0,0,"7,2",0,0,0,0,0,0,0,0,0,0,0,0,0,0,0,0,0,"0,96","26,4",0,0,"3,84",0,0,0,0,0,0,0,0,0,0,0,0,0,0,0,0,0,0,0,0,0,0,0,0,0,0,0,0,0,0,0,0,0,0,0
24/08/2017,0,0,"2,88",0,0,"0,48",0,0,"4,8","0,48","0,48",0,0,0,0,0,0,0,0,0,"1,92",0,0,0,0,0,0,0,0,0,0,0,0,0,0,0,0,0,0,"11,04",0,0,"0,96","1,92",0,0,0,0,0,0,0,0,0,0,0,0,0,0,0,0,0,0,0,0,0,0,0,0,0,0,0,0,0,0,0,0,0,0
25/08/2017,0,0,"5,28",0,0,"2,4",0,0,12,0,"0,48",0,0,0,0,0,0,0,0,0,"5,28",0,0,0,0,0,0,0,0,0,0,0,0,0,0,0,0,0,0,"25,44",0,0,"4,8","0,48",0,0,0,0,0,0,0,0,0,0,0,0,0,0,0,0,0,0,0,0,0,0,0,0,0,0,0,0,0,0,0,0,0,0
26/08/2017,0,0,"2,88",0,0,"1,92",0,"0,48","6,24",0,0,0,0,0,0,0,0,0,0,0,"1,44",0,0,0,0,0,0,0,0,0,0,0,0,0,0,0,0,0,"0,96","13,92",0,0,"2,88",0,0,0,0,0,0,0,0,0,0,0,0,0,0,0,0,0,0,0,0,0,0,0,0,0,0,0,0,0,0,0,0,0,0,0
27/08/2017,1,0,0,0,0,"0,48",0,0,"20,64",0,0,0,0,0,0,0,0,0,0,0,"3,36",0,0,0,0,0,0,0,0,0,0,0,0,0,0,0,0,0,"2,4","26,88",0,0,0,0,0,0,0,0,0,0,0,0,0,0,0,0,0,0,0,0,0,0,0,0,0,0,0,0,0,0,0,0,0,0,0,0,0,0
28/08/2017,0,0,0,0,0,"0,48",0,0,"6,72",0,0,0,0,0,0,0,0,0,0,0,"0,96",0,0,0,0,0,0,0,0,0,0,0,0,0,0,0,0,0,"0,96","9,12",0,0,0,0,0,0,0,0,0,0,0,0,0,0,0,0,0,0,0,0,0,0,0,0,0,0,0,0,0,0,0,0,0,0,0,0,0,0
29/08/2017,0,0,0,0,0,0,0,0,0,0,0,0,0,0,0,0,0,0,0,0,0,0,0,0,0,0,0,0,0,0,0,0,0,0,0,0,0,0,0,0,0,0,0,0,0,0,0,0,0,0,0,0,0,0,0,0,0,0,0,0,0,0,0,0,0,0,0,0,0,0,0,0,0,0,0,0,0,0
30/08/2017,0,0,0,0,0,0,0,0,0,0,0,0,0,0,0,0,0,0,0,0,0,0,0,0,0,0,0,0,0,0,0,0,0,0,0,0,0,0,0,0,0,0,0,0,0,0,0,0,0,0,0,0,0,0,0,0,0,0,0,0,0,0,0,0,0,0,0,0,0,0,0,0,0,0,0,0,0,0
31/08/2017,0,0,0,0,0,0,0,0,0,0,0,0,0,0,0,0,0,0,0,0,0,0,0,0,0,0,0,0,0,0,0,0,0,0,0,0,0,0,0,0,0,0,0,0,0,0,0,0,0,0,0,0,0,0,0,0,0,0,0,0,0,0,0,0,0,0,0,0,0,0,0,0,0,0,0,0,0,0
01/09/2017,0,0,0,0,0,0,0,0,0,0,0,0,0,0,0,0,0,0,0,0,0,0,0,0,0,0,0,0,0,0,0,0,0,0,0,0,0,0,0,0,0,0,0,0,0,0,0,0,0,0,0,0,0,0,0,0,0,0,0,0,0,0,0,0,0,0,0,0,0,0,0,0,0,0,0,0,0,0
02/09/2017,0,0,0,0,0,0,0,0,0,0,0,0,0,0,0,0,0,0,0,0,0,0,0,0,0,0,0,0,0,0,0,0,0,0,0,0,0,0,0,0,0,0,0,0,0,0,0,0,0,0,0,0,0,0,0,0,0,0,0,0,0,0,0,0,0,0,0,0,0,0,0,0,0,0,0,0,0,0
03/09/2017,0,0,0,0,0,0,0,0,0,0,0,0,0,0,0,0,0,0,0,0,0,0,0,0,0,0,0,0,0,0,0,0,0,0,0,0,0,0,0,0,0,0,0,0,0,0,0,0,0,0,0,0,0,0,0,0,0,0,0,0,0,0,0,0,0,0,0,0,0,0,0,0,0,0,0,0,0,0
04/09/2017,0,0,"7,2",0,0,0,0,0,"3,36",0,"1,44",0,0,0,0,0,0,0,0,0,0,0,0,0,0,0,0,0,0,0,0,0,0,0,0,0,0,0,0,12,0,0,"7,2",0,0,0,0,0,0,0,0,0,0,0,0,0,0,0,0,0,0,0,0,0,0,0,0,0,0,0,0,0,0,0,0,0,0,0
05/09/2017,0,0,"5,76",0,0,"1,44",0,0,"5,28",0,"1,92",0,0,0,0,0,0,0,0,0,"0,48",0,0,0,0,0,0,0,0,0,0,0,0,0,0,0,0,0,"1,44","16,32",0,0,"3,84","1,92",0,0,0,0,0,0,0,0,0,0,0,0,0,0,0,0,0,0,0,0,0,0,0,0,0,0,0,0,0,0,0,0,0,0
06/09/2017,1,0,"11,04",0,0,"1,44",0,0,"5,28",0,"1,44","0,48",0,0,0,0,0,0,0,0,"4,32",0,0,0,0,0,0,0,0,0,0,0,0,0,0,"0,48",0,0,"4,32","28,8",0,0,"11,04",0,0,0,0,0,0,0,0,0,0,0,0,0,0,0,0,0,0,0,0,0,0,0,0,0,0,0,0,0,0,0,0,0,0,0
07/09/2017,0,0,"3,84",0,0,"0,96",0,0,"4,32",0,"1,92",0,0,0,0,0,0,0,0,0,"0,48",0,0,0,0,0,0,0,0,0,0,0,0,0,0,0,0,0,"1,92","13,44",0,0,"3,36",0,0,0,0,0,0,0,0,0,0,0,0,0,0,0,0,0,0,0,0,0,0,0,0,0,0,0,0,0,0,0,0,0,0,0
08/09/2017,0,0,"5,28",0,0,"0,48",0,0,"9,6",0,"2,88","0,48",0,0,0,0,0,0,0,0,"1,92",0,0,0,0,0,0,0,0,0,0,0,0,0,0,0,0,0,"1,44","22,08",0,0,"5,28",0,0,0,0,0,0,0,0,0,0,0,0,0,0,0,0,0,0,0,0,0,0,0,0,0,0,0,0,0,0,0,0,0,0,0
09/09/2017,0,0,"5,76",0,0,"0,48",0,0,"3,84",0,"2,88",0,0,0,0,0,0,0,0,0,"0,48",0,0,0,0,0,0,0,0,0,0,0,0,0,0,0,0,0,"0,96","14,4",0,0,"5,76",0,0,0,0,0,0,0,0,0,0,0,0,0,0,0,0,0,0,0,0,0,0,0,0,0,0,0,0,0,0,0,0,0,0,0
10/09/2017,0,0,0,0,0,0,0,0,0,0,"0,48",0,0,0,0,0,0,0,0,0,0,0,0,0,0,0,0,0,0,0,0,0,0,0,0,0,0,0,0,"0,48",0,0,0,0,0,0,0,0,0,0,0,0,0,0,0,0,0,0,0,0,0,0,0,0,0,0,0,0,0,0,0,0,0,0,0,0,0,0
11/09/2017,0,0,0,0,0,0,0,0,0,0,0,0,0,0,0,0,0,0,0,0,0,0,0,0,0,0,0,0,0,0,0,0,0,0,0,0,0,0,0,0,0,0,0,0,0,0,0,0,0,0,0,0,0,0,0,0,0,0,0,0,0,0,0,0,0,0,0,0,0,0,0,0,0,0,0,0,0,0
12/09/2017,0,0,0,0,0,0,0,0,0,0,0,0,0,0,0,0,0,0,0,0,0,0,0,0,0,0,0,0,0,0,0,0,0,0,0,0,0,0,0,0,0,0,0,0,0,0,0,0,0,0,0,0,0,0,0,0,0,0,0,0,0,0,0,0,0,0,0,0,0,0,0,0,0,0,0,0,0,0
13/09/2017,0,0,0,0,0,0,0,0,0,0,0,0,0,0,0,0,0,0,0,0,0,0,0,0,0,0,0,0,0,0,0,0,0,0,0,0,0,0,0,0,0,0,0,0,0,0,0,0,0,0,0,0,0,0,0,0,0,0,0,0,0,0,0,0,0,0,0,0,0,0,0,0,0,0,0,0,0,0
14/09/2017,0,0,0,0,0,0,0,0,0,0,0,0,0,0,0,0,0,0,0,0,0,0,0,0,0,0,0,0,0,0,0,0,0,0,0,0,0,0,0,0,0,0,0,0,0,0,0,0,0,0,0,0,0,0,0,0,0,0,0,0,0,0,0,0,0,0,0,0,0,0,0,0,0,0,0,0,0,0
15/09/2017,0,0,0,0,0,0,0,0,0,0,0,0,0,0,0,0,0,0,0,0,0,0,0,0,0,0,0,0,0,0,0,0,0,0,0,0,0,0,0,0,0,0,0,0,0,0,0,0,0,0,0,0,0,0,0,0,0,0,0,0,0,0,0,0,0,0,0,0,0,0,0,0,0,0,0,0,0,0
16/10/2017,0,0,0,0,0,0,0,0,0,0,0,0,0,0,0,0,0,0,0,0,0,0,0,0,0,0,0,0,0,0,0,0,0,0,0,0,0,0,1,1,0,0,0,0,0,0,0,0,0,0,0,0,0,0,0,0,0,0,0,0,0,0,0,0,0,0,0,0,0,0,0,0,0,0,0,0,0,0
17/10/2017,0,0,0,0,0,0,0,0,0,0,0,0,0,0,0,0,0,0,0,0,0,0,0,0,0,0,0,0,0,0,0,0,0,0,0,0,0,0,1,1,0,0,0,0,0,0,0,0,0,0,0,0,0,0,0,0,0,0,0,0,0,0,0,0,0,0,0,0,0,0,0,0,0,0,0,0,0,0
18/10/2017,0,0,1,0,0,0,0,0,3,0,0,0,0,0,0,0,0,0,0,0,0,0,0,0,0,0,0,0,0,0,0,0,0,0,0,0,0,0,1,5,0,0,0,1,0,0,0,0,0,0,0,0,0,0,0,0,0,0,0,0,0,0,0,0,0,0,0,0,0,0,0,0,0,0,0,0,0,0
19/10/2017,0,0,0,0,0,0,0,0,1,0,0,0,0,0,0,0,0,0,0,0,0,0,0,0,0,0,0,0,0,0,0,0,0,0,0,0,0,0,1,2,0,0,0,0,0,0,0,0,0,0,0,0,0,0,0,0,0,0,0,0,0,0,0,0,0,0,0,0,0,0,0,0,0,0,0,0,0,0
20/10/2017,0,0,0,0,0,0,0,0,1,0,0,0,0,0,0,0,0,0,0,0,0,0,0,0,0,0,0,0,0,0,0,0,0,0,1,0,0,0,,2,0,0,0,0,0,0,0,0,0,0,0,0,0,0,0,0,0,0,0,0,0,0,0,0,0,0,0,0,0,0,0,0,0,0,0,0,0,0
21/10/2017,0,0,0,0,0,0,0,0,0,0,0,0,0,0,0,0,0,0,0,0,0,0,0,0,0,0,0,0,0,0,0,0,0,0,0,0,0,0,1,1,0,0,0,0,0,0,0,0,0,0,0,0,0,0,0,0,0,0,0,0,0,0,0,0,0,0,0,0,0,0,0,0,0,0,0,0,0,0
22/10/2017,0,0,0,0,0,0,0,0,1,0,0,0,0,0,0,0,0,1,0,0,0,0,0,0,0,0,0,0,0,0,0,0,0,0,0,0,0,0,,2,0,0,0,0,0,0,0,0,0,0,0,0,0,0,0,0,0,0,0,0,0,0,0,0,0,0,0,0,0,0,0,0,0,0,0,0,0,0
23/10/2017,0,0,"0,52",0,0,"5,52",0,0,"3,52",0,0,0,0,0,0,0,0,"0,52",0,0,0,0,0,0,0,0,0,0,0,0,0,0,0,0,0,"0,52",0,0,"1,52","14,52",0,0,0,0,0,0,0,0,0,0,0,0,0,0,0,0,0,0,0,0,0,0,0,0,0,0,0,0,0,0,0,0,0,0,0,0,0,0
24/10/2017,0,0,0,0,0,"4,52",0,0,"1,52",0,0,0,0,0,0,0,0,0,0,0,0,0,0,0,0,0,0,0,0,0,0,0,0,0,0,0,0,0,"0,52","7,52",0,0,0,0,0,0,0,0,0,0,0,0,0,0,0,0,0,0,0,0,0,0,0,0,0,0,0,0,0,0,0,0,0,0,0,0,0,0
25/10/2017,0,0,"0,52",0,0,"4,52",0,0,"5,52",0,0,"0,52",0,0,0,0,0,0,0,0,0,0,0,0,0,0,0,0,0,0,0,0,0,0,0,0,0,0,"0,52","13,52",0,0,"0,52",0,0,0,0,0,0,0,0,0,0,0,0,0,0,0,0,0,0,0,0,0,0,0,0,0,0,0,0,0,0,0,0,0,0,0
26/10/2017,0,0,0,0,0,"11,52",0,0,"7,52",0,"0,52",0,0,0,0,0,0,0,0,0,0,0,0,0,0,0,0,0,0,0,0,0,0,0,0,0,0,0,"2,52","23,52",0,0,0,0,0,0,0,0,0,0,0,0,0,0,0,0,0,0,0,0,0,0,0,0,0,0,0,0,0,0,0,0,0,0,0,0,0,0
27/10/2017,1,0,0,0,0,"1,52",0,0,"6,52",0,"1,52",0,0,0,0,0,0,0,0,0,0,0,0,0,0,0,0,0,0,0,0,0,0,0,0,0,0,0,"6,52","17,52",0,0,0,0,0,0,0,0,0,0,0,0,0,0,0,0,0,0,0,0,0,0,0,0,0,0,0,0,0,0,0,0,0,0,0,0,0,0
28/10/2017,0,0,"1,52",0,0,"1,52",0,0,"5,52",0,0,0,0,0,0,0,0,0,0,0,0,0,0,0,0,0,0,0,0,0,0,0,0,0,0,0,0,0,"5,52","15,52",0,0,"0,52","0,52",0,0,0,0,0,0,0,0,0,0,0,0,0,0,0,0,0,0,0,0,0,0,0,0,0,0,0,0,0,0,0,0,0,0
29/10/2017,0,0,0,0,0,0,0,0,"2,52",0,0,0,0,0,0,0,0,0,0,0,0,0,0,0,0,0,0,0,0,0,0,0,0,0,0,0,0,0,"1,52","4,52",0,0,0,0,0,0,0,0,0,0,0,0,0,0,0,0,0,0,0,0,0,0,0,0,0,0,0,0,0,0,0,0,0,0,0,0,0,0
30/10/2017,0,0,0,0,0,0,0,0,0,0,0,0,0,0,0,0,0,0,0,0,0,0,0,0,0,0,0,0,0,0,0,0,0,0,0,0,0,0,"0,96","0,96",0,0,0,0,0,0,0,0,0,0,0,0,0,0,0,0,0,0,0,0,0,0,0,0,0,0,0,0,0,0,0,0,0,0,0,0,0,0
31/10/2017,0,0,0,0,0,0,0,0,0,0,0,0,0,0,0,0,0,"0,48",0,0,0,0,0,0,0,0,0,0,0,0,0,0,0,0,0,0,0,0,"1,44","1,92",0,0,0,0,0,0,0,0,0,0,0,0,0,0,0,0,0,0,0,0,0,0,0,0,0,0,0,0,0,0,0,0,0,0,0,0,0,0
01/11/2017,0,0,0,0,0,0,0,0,0,0,"0,48",0,0,0,0,0,0,0,0,0,0,0,0,0,0,0,0,0,0,0,0,0,0,0,0,0,0,0,0,"0,48",0,0,0,0,0,0,0,0,0,0,0,0,0,0,0,0,0,0,0,0,0,0,0,0,0,0,0,0,0,0,0,0,0,0,0,0,0,0
02/11/2017,0,0,"0,48",0,0,0,0,0,0,0,0,0,0,0,0,0,0,0,0,0,0,0,0,0,0,0,0,0,0,0,0,0,0,0,0,0,0,0,0,"0,48",0,0,"0,48",0,0,0,0,0,0,0,0,0,0,0,0,0,0,0,0,0,0,0,0,0,0,0,0,0,0,0,0,0,0,0,0,0,0,0
03/11/2017,0,0,0,0,0,0,0,0,0,0,0,0,0,0,0,0,0,0,0,0,0,0,0,0,0,0,0,0,0,0,0,0,0,0,0,0,0,0,"0,48","0,48",0,0,0,0,0,0,0,0,0,0,0,0,0,0,0,0,0,0,0,0,0,0,0,0,0,0,0,0,0,0,0,0,0,0,0,0,0,0
04/11/2017,0,0,0,0,0,0,0,0,0,0,0,0,0,0,0,0,0,"0,48",0,0,0,0,0,0,0,0,0,0,0,0,0,0,0,0,0,0,0,0,"0,96","1,44",0,0,0,0,0,0,0,0,0,0,0,0,0,0,0,0,0,0,0,0,0,0,0,0,0,0,0,0,0,0,0,0,0,0,0,0,0,0
05/11/2017,0,0,0,0,0,0,0,0,0,"0,48",0,0,0,0,0,0,0,0,0,0,0,0,0,0,0,0,0,0,0,0,0,0,0,0,0,0,0,0,0,"0,48",0,0,0,0,0,0,0,0,0,0,0,0,0,0,0,0,0,0,0,0,0,0,0,0,0,0,0,0,0,0,0,0,0,0,0,0,0,0
09/04/2018,0,519,0,51,0,2,40,0,0,23,0,1,0,0,1,0,0,0,2,0,0,0,0,0,0,5,0,0,0,0,0,0,0,0,0,0,0,0,2,646,0,519,0,0,0,0,0,0,51,0,40,0,0,0,0,0,0,0,0,0,0,0,0,0,0,0,0,0,0,0,0,0,0,0,0,0,0,0
10/04/2018,0,35,0,10,0,0,5,0,0,3,0,0,0,0,0,0,0,0,0,0,0,0,0,0,0,3,0,0,0,0,0,0,0,0,0,0,0,0,3,59,0,35,0,0,0,0,0,0,10,0,5,0,0,0,0,0,0,0,0,0,0,0,0,0,0,0,0,0,0,0,0,0,0,0,0,0,0,0
11/04/2018,0,12,0,10,0,0,6,0,0,0,0,0,0,0,0,0,0,0,0,0,0,0,0,0,0,3,0,0,0,0,0,0,0,0,0,0,0,0,2,33,0,12,0,0,0,0,0,0,10,0,6,0,0,0,0,0,0,0,0,0,0,0,0,0,0,0,0,0,0,0,0,0,0,0,0,0,0,0
12/04/2018,1,16,0,21,0,1,1,0,0,0,0,0,0,0,0,0,0,0,0,0,0,0,0,0,0,1,0,0,0,0,0,0,0,0,0,0,0,0,3,43,0,16,0,0,0,0,0,0,21,0,0,0,0,0,0,0,0,0,0,0,0,0,0,0,0,0,0,0,0,0,0,0,0,0,0,0,0,0
13/04/2018,0,13,0,10,0,0,13,0,0,0,0,0,0,0,0,0,0,0,0,0,0,0,0,0,0,1,0,0,0,0,0,0,0,0,0,0,0,0,1,38,0,13,0,0,0,0,0,0,10,0,13,0,0,0,0,0,0,0,0,0,0,0,0,0,0,0,0,0,0,0,0,0,0,0,0,0,0,0
14/04/2018,0,176,0,60,0,2,31,0,0,6,0,0,0,0,1,0,0,0,0,0,0,0,0,0,0,9,0,0,0,0,0,0,0,0,0,0,0,0,7,292,0,176,0,0,0,0,0,0,60,0,31,0,0,0,0,0,0,0,0,0,0,0,0,0,0,0,0,0,0,0,0,0,0,0,0,0,0,0
15/04/2018,0,1038,0,144,0,4,58,0,0,13,2,0,0,0,1,0,0,0,0,0,0,0,0,0,0,8,0,0,0,0,0,0,0,0,0,0,0,0,6,1274,0,1038,0,0,0,0,0,0,144,0,58,0,0,0,0,0,0,0,0,0,0,0,0,0,0,0,0,0,0,0,0,0,0,0,0,0,0,0
16/04/2018,0,256,0,141,3,5,39,1,,2,0,0,0,0,0,0,0,0,0,0,0,0,0,0,0,0,0,0,0,0,0,0,0,0,0,0,0,0,10,457,0,256,0,0,0,0,0,0,141,0,39,0,0,0,0,0,0,0,0,0,0,0,0,0,0,0,0,0,3,0,0,0,0,0,0,0,0,0
17/04/2018,0,104,1,605,44,10,75,0,2,5,0,0,0,0,0,0,0,0,0,0,0,0,0,0,0,0,0,0,0,0,0,0,0,0,0,0,0,0,16,862,0,104,0,0,0,0,0,0,605,0,75,0,0,0,0,0,0,0,0,0,0,0,0,0,0,0,0,0,38,6,0,0,0,0,0,0,0,0
18/04/2018,0,86,2,321,24,6,30,0,,2,0,0,0,0,0,15,0,0,2,0,0,0,0,0,0,4,0,0,0,0,0,0,0,0,0,0,0,0,2,494,0,86,0,0,0,0,0,0,321,0,30,0,0,0,0,0,0,0,0,0,0,0,0,0,0,0,0,0,19,5,0,0,0,2,0,0,0,0
19/04/2018,0,56,9,685,103,0,84,0,7,2,0,0,0,0,0,19,0,0,3,0,0,0,0,0,0,9,0,0,0,0,0,0,0,0,0,0,0,0,13,990,0,56,0,0,0,0,0,0,685,0,84,0,0,0,0,0,0,0,0,0,0,0,0,0,0,0,0,0,95,8,0,0,0,3,0,0,0,0
20/04/2018,0,84,0,345,42,0,63,0,5,1,0,0,0,0,0,5,0,0,35,0,0,0,0,0,0,2,0,0,0,0,0,0,0,0,0,0,0,0,6,588,0,84,0,0,0,0,0,0,345,0,63,0,0,0,0,0,0,0,0,0,0,0,0,0,0,0,0,0,41,1,0,0,0,35,0,0,0,0
21/04/2018,0,122,4,1021,76,0,36,0,16,0,0,0,0,0,0,2,0,6,0,0,0,0,0,0,0,0,0,0,0,0,0,0,0,0,0,0,0,0,6,1289,0,122,0,0,0,0,0,0,1021,0,36,0,0,0,0,0,0,0,0,0,0,0,0,0,0,0,0,0,40,26,0,0,0,0,0,0,0,0
22/04/2018,0,15,0,342,101,9,21,0,1,1,0,0,0,0,0,0,0,4,12,0,0,0,0,0,0,1,0,0,0,0,0,0,0,0,0,0,0,0,16,523,0,15,0,0,0,0,0,0,0,0,21,0,0,0,0,0,0,0,0,0,0,0,0,0,0,0,0,0,31,70,0,0,0,12,0,0,0,0
30/04/2018,0,"4,8",0,"56,64","0,48","2,4","28,32",0,0,"0,96",0,"0,48",0,0,0,"4,8",0,"0,96",0,0,0,0,0,0,0,"4,32",0,0,0,0,0,0,0,0,0,0,0,0,"5,76","109,92",0,"4,8",0,0,0,0,0,0,"56,64",0,0,0,0,0,0,0,0,0,0,0,0,0,0,0,0,0,0,0,0,"0,48",0,0,0,0,0,0,0,0
01/05/2018,1,"20,64",0,"113,76",0,"1,92","15,36",0,"0,48","2,88",0,0,0,0,0,"10,08",0,"0,48",0,0,0,0,0,0,0,"3,36",0,0,0,0,0,0,0,0,0,0,0,0,"9,6","178,56",0,"20,64",0,0,0,0,0,0,"113,76",0,0,0,0,0,0,0,0,0,0,0,0,0,0,0,0,0,0,0,0,0,0,0,0,0,0,0,0,0
02/05/2018,0,"6,72",0,"44,64","5,28","7,2","22,08",0,"0,96","0,96",0,"0,48",0,0,0,"2,4",0,"0,96",0,0,0,0,0,0,0,"8,64",0,0,0,0,0,0,0,0,0,0,0,0,"6,24","106,56",0,"6,72",0,0,0,0,0,0,"44,64",0,0,0,0,0,0,0,0,0,0,0,0,0,0,0,0,0,0,0,0,"5,28",0,0,0,0,0,0,0,0
03/05/2018,0,"0,48",0,12,"5,28","1,92","11,04",0,"1,92","3,84",0,"0,96",0,0,0,"0,48",0,"0,48",0,0,0,0,0,0,0,"4,32",0,0,0,0,0,0,0,0,0,0,0,0,"6,24","48,96",0,"0,48",0,0,0,0,0,0,12,0,0,0,0,0,0,0,0,0,0,0,0,0,0,0,0,0,0,0,"0,96","4,32",0,0,0,0,0,0,0,0
04/05/2018,0,"1,92",0,"32,64","3,36","8,64","66,24",0,"6,72",0,0,"0,96",0,0,0,"7,2",0,"13,92",0,0,0,0,0,0,0,"5,76",0,0,0,0,0,0,0,0,0,0,0,0,"4,8","152,16",0,"1,92",0,0,0,0,0,0,"32,64",0,0,0,0,0,0,0,0,0,0,0,0,0,0,0,0,0,0,0,"0,48","2,88",0,0,0,0,0,0,0,0
05/05/2018,0,"1,44",0,"46,56","0,48","22,56","113,76",0,"3,84","2,88",0,0,0,0,0,"0,48",0,"6,72",0,0,0,0,0,0,0,"2,4",0,0,0,0,0,0,0,0,0,0,0,0,"4,32","205,44",0,"1,44",0,0,0,0,0,0,"46,56",0,0,0,0,0,0,0,0,0,0,0,0,0,0,0,0,0,0,0,0,"0,48",0,0,0,0,0,0,0,0
06/05/2018,0,0,0,"29,76",0,"5,28","88,32",0,"2,88","7,68","0,48","0,48",0,0,0,"0,48",0,"37,92",0,0,0,0,0,0,0,"0,96",0,0,0,0,0,0,0,0,0,0,0,0,"3,84","178,08",0,0,0,0,0,0,0,0,"29,76",0,0,0,0,0,0,0,0,0,0,0,0,0,0,0,0,0,0,0,0,0,0,0,0,0,0,0,0,0
07/05/2018,0,"0,48",0,"0,48",0,"2,4","0,96",0,0,0,0,"0,96",0,0,0,0,0,"4,8",0,0,0,0,0,0,0,0,0,0,0,0,0,0,0,0,0,0,0,0,"0,96","11,04",0,"0,48",0,0,0,0,0,0,"0,48",0,"0,96",0,0,0,0,0,0,0,0,0,0,0,0,0,0,0,0,0,0,0,0,0,0,0,0,0,0,0
08/05/2018,0,0,0,"0,48","1,44","8,16","3,84",0,0,0,0,"0,96",0,0,0,0,0,"2,4",0,0,0,0,0,0,0,0,0,0,0,0,0,0,0,0,0,0,0,0,"2,4","19,68",0,0,0,0,0,0,0,0,"0,48",0,"3,84",0,0,0,0,0,0,0,0,0,0,0,0,0,0,0,0,0,0,"1,44",0,0,0,0,0,0,0,0
09/05/2018,0,0,0,"0,96","1,92","6,72","0,48",0,"0,48",0,0,"0,48",0,0,0,0,0,"1,44",0,0,0,0,0,0,0,"2,4",0,0,0,0,0,0,0,0,0,0,0,0,"1,44","16,32",0,0,0,0,0,0,0,0,"0,96",0,"0,48",0,0,0,0,0,0,0,0,0,0,0,0,0,0,0,0,0,0,"1,92",0,0,0,0,0,0,0,0
10/05/2018,0,0,0,0,0,"4,8","0,48",0,"0,48",0,0,0,0,0,0,0,0,"0,48",0,0,0,0,0,0,0,0,0,0,0,0,0,0,0,0,0,0,0,0,"3,36","9,6",0,0,0,0,0,0,0,0,0,0,"0,48",0,0,0,0,0,0,0,0,0,0,0,0,0,0,0,0,0,0,0,0,0,0,0,0,0,0,0
11/05/2018,0,0,"0,48",0,"3,84","23,04",0,"1,44","2,88",0,"0,48","1,44",0,0,0,0,0,"6,72",0,0,0,0,0,0,0,"0,96",0,0,0,0,0,0,0,0,0,0,0,0,"3,84","45,12",0,0,0,0,0,0,0,0,0,0,0,0,0,0,0,0,0,0,0,0,0,0,0,0,0,0,0,0,0,"3,84",0,0,0,0,0,0,0,0
12/05/2018,0,0,0,0,0,"14,88","2,88",0,"1,44",0,0,"1,92",0,0,0,0,0,"5,76",0,0,0,0,0,0,0,0,0,0,0,0,0,0,0,0,0,0,0,0,"4,8","31,68",0,0,0,0,0,0,0,0,0,0,"2,88",0,0,0,0,0,0,0,0,0,0,0,0,0,0,0,0,0,0,0,0,0,0,0,0,0,0,0
13/05/2018,0,0,0,0,"6,72","19,2","2,88",0,"3,84",0,"0,48","4,32",0,0,0,0,0,"6,72",0,0,0,0,0,0,0,0,0,0,0,0,0,0,0,0,0,0,0,0,"5,28","52,32",0,0,0,0,0,0,0,0,0,0,"2,88",0,0,0,0,0,0,0,0,0,0,0,0,0,0,0,0,0,0,"6,72",0,0,0,0,0,0,0,0
14/05/2018,0,0,0,0,0,"1,44",0,"0,48",0,0,0,0,0,0,0,0,0,"0,48",0,0,0,0,0,0,0,0,0,0,0,0,0,0,0,0,0,0,0,0,"0,48","2,88",0,0,0,0,0,0,0,0,0,0,0,0,0,0,0,0,0,0,0,0,0,0,0,0,0,0,0,0,0,0,0,0,0,0,0,0,0,0
15/05/2018,1,0,0,0,"0,48","1,92",0,0,"0,48","0,48",0,0,0,0,0,0,0,"2,4",0,0,0,0,0,0,0,"0,48",0,0,0,0,0,0,0,0,0,0,0,0,"2,4","8,64",0,0,0,0,0,0,0,0,0,0,0,0,0,0,0,0,0,0,0,0,0,0,0,0,0,0,0,0,0,"0,48",0,0,0,0,0,0,0,0
16/05/2018,0,"0,48",0,0,0,"16,32",0,0,"0,96",0,"0,96",0,0,0,0,0,0,"4,32",0,0,0,0,0,0,0,0,0,0,0,0,0,0,0,0,0,0,0,0,"1,92","24,96","0,48",0,0,0,0,0,0,0,0,0,0,0,0,0,0,0,0,0,0,0,0,0,0,0,0,0,0,0,0,0,0,0,0,0,0,0,0,0
17/05/2018,1,0,0,0,"0,48","17,28",0,"0,48",0,0,0,0,0,0,0,0,0,"0,48",0,0,0,0,0,0,0,0,0,0,0,0,0,0,0,0,0,0,0,0,"1,44","20,16",0,0,0,0,0,0,0,0,0,0,0,0,0,0,0,0,0,0,0,0,0,0,0,0,0,0,0,0,0,"0,48",0,0,0,0,0,0,0,0
18/05/2018,0,0,"0,48",0,0,"21,6",0,0,0,0,0,"1,44",0,0,0,0,0,"6,24",0,0,0,0,0,0,0,"0,48",0,0,0,0,0,0,0,0,0,0,0,0,"0,96","31,2",0,0,0,0,0,0,0,0,0,0,0,0,0,0,0,0,0,0,0,0,0,0,0,0,0,0,0,0,0,0,0,0,0,0,0,0,0,0
19/05/2018,0,0,0,0,0,"6,72",0,0,0,"0,48","0,48","0,48",0,0,0,0,0,"20,16",0,0,0,0,0,0,0,"0,48",0,0,0,0,0,0,0,0,0,0,0,0,"1,44","30,24",0,0,0,0,0,0,0,0,0,0,0,0,0,0,0,0,0,0,0,0,0,0,0,0,0,0,0,0,0,0,0,0,0,0,0,0,0,0
20/05/2018,0,0,0,0,"0,96","5,28",0,0,0,0,0,0,0,0,0,0,0,"8,16",0,0,0,0,0,0,0,0,0,0,0,0,0,0,0,0,0,0,0,0,"1,92","17,28",0,0,0,0,0,0,0,0,0,0,0,0,0,0,0,0,0,0,0,0,0,0,0,0,0,0,0,0,0,"0,96",0,0,0,0,0,0,0,0
28/05/2018,0,0,0,0,"0,48","4,32",0,0,"0,96","0,48",0,0,0,0,0,0,0,"1,44",0,0,"0,48",0,0,0,0,0,0,0,0,0,0,0,0,0,0,0,0,0,"1,92","10,08",0,0,0,0,0,0,0,0,0,0,0,0,0,0,0,0,0,0,0,0,0,0,0,0,0,0,0,"0,48",0,0,0,0,0,0,0,0,0,0
29/05/2018,0,0,0,0,0,"9,12","1,44",0,,"3,84","0,48","0,48",0,0,0,0,0,"4,32",0,0,"6,72",0,0,0,0,0,0,0,0,0,0,0,0,0,"0,96",0,0,0,"1,92","29,28",0,0,0,0,0,0,0,0,0,0,0,0,0,0,0,0,0,0,0,0,0,0,0,0,0,0,0,0,0,0,0,0,0,0,0,0,0,0
30/05/2018,0,0,0,0,0,"13,92","2,88","0,48","1,92",0,0,"0,48",0,0,0,0,0,"0,96",0,0,"0,48",0,0,0,0,0,0,0,0,0,0,0,0,0,0,0,0,0,"0,96","22,08",0,0,0,0,0,0,0,0,0,0,0,0,0,0,0,0,0,0,0,0,0,0,0,0,0,0,0,0,0,0,0,0,0,0,0,0,0,0
31/05/2018,0,0,0,0,"0,96","12,96","7,68",0,"2,88",0,0,"1,92",0,0,0,0,0,"0,48",0,0,"1,44",0,0,0,0,0,0,0,0,0,0,0,0,0,"2,4",0,0,0,"2,4","33,12",0,0,0,0,0,0,0,0,0,0,0,0,0,0,0,0,0,0,0,0,0,0,0,0,0,0,0,"0,96",0,0,0,0,0,0,0,0,0,0
01/06/2018,0,0,"0,48",0,0,"5,76","1,44",0,0,0,0,"0,48",0,0,0,0,0,0,0,0,0,0,0,0,0,0,0,0,0,0,0,0,0,0,0,0,0,0,"0,48","8,64",0,0,0,0,0,0,0,0,0,0,0,0,0,0,0,0,0,0,0,0,0,0,0,0,0,0,0,0,0,0,0,0,0,0,0,0,0,0
02/06/2018,0,0,0,0,"1,44","8,16","2,88",0,0,"0,96",0,0,0,0,0,0,0,0,0,0,"2,4",0,0,0,0,0,0,0,0,0,0,0,0,0,"1,44",0,0,0,"1,44","18,72",0,0,0,0,0,0,0,0,0,0,0,0,0,0,0,0,0,0,0,0,0,0,0,0,0,0,0,"1,44",0,0,0,0,0,0,0,0,0,0
03/06/2018,0,0,0,0,"3,36","9,12","4,32",0,0,0,0,0,0,0,0,0,0,0,0,0,"1,92",0,0,0,0,0,0,0,0,0,0,0,0,0,0,0,0,0,"1,92","20,64",0,0,0,0,0,0,0,0,0,0,0,0,0,0,0,0,0,0,0,0,0,0,0,0,0,0,0,"3,36",0,0,0,0,0,0,0,0,0,0
04/06/2018,0,0,0,0,0,"1,92","1,92",0,0,"0,48","0,48",0,0,0,0,0,0,"0,48",0,0,0,0,0,0,0,0,0,0,0,0,0,0,0,0,"0,48",0,0,0,"2,4","8,16",0,0,0,0,0,0,0,0,0,"1,92",0,0,0,0,0,0,0,0,0,0,0,0,0,0,0,0,0,0,0,0,0,0,0,0,0,0,0,0
05/06/2018,0,0,0,0,0,"6,24",0,0,0,"0,48",0,0,0,0,0,0,0,0,0,0,0,0,0,0,0,0,0,0,0,0,0,0,0,0,0,0,0,0,"0,48","7,2",0,0,0,0,0,0,0,0,0,0,0,0,0,0,0,0,0,0,0,0,0,0,0,0,0,0,0,0,0,0,0,0,0,0,0,0,0,0
06/06/2018,0,0,0,0,"8,64","18,24","4,8",0,"0,96",0,0,"2,4",0,0,0,0,0,0,0,0,0,0,0,0,0,0,0,0,0,0,0,0,0,0,"0,96",0,0,0,"1,44","37,44",0,0,0,0,0,0,0,0,0,"4,8",0,0,0,0,0,0,0,0,0,0,0,0,0,0,0,0,0,"8,64",0,0,0,0,0,0,0,0,0,0
07/06/2018,0,0,0,0,"4,8","9,12","0,48","0,96","1,44","0,48","0,96","1,44",0,0,0,0,0,0,0,0,0,0,0,0,0,0,0,0,0,0,0,0,0,0,"2,4",0,0,0,"3,36","25,44",0,0,0,0,0,0,0,0,0,"0,48",0,0,0,0,0,0,0,0,0,0,0,0,0,0,0,0,0,"4,8",0,0,0,0,0,0,0,0,0,0
08/06/2018,0,0,0,0,"17,28","18,24",0,0,"1,44",0,0,0,0,0,0,0,0,0,0,0,0,0,0,0,0,0,0,0,0,0,0,0,0,0,"1,44",0,0,0,"0,48","38,88",0,0,0,0,0,0,0,0,0,0,0,0,0,0,0,0,0,0,0,0,0,0,0,0,0,0,0,"17,28",0,0,0,0,0,0,0,0,0,0
09/06/2018,0,0,0,0,"7,2","11,04","0,96","0,48","4,32",0,"0,96","1,92",0,0,0,0,0,0,0,0,0,0,0,0,0,0,0,0,0,0,0,0,0,0,"1,44",0,0,0,"2,4","30,72",0,0,0,0,0,0,0,0,0,"0,96",0,0,0,0,0,0,0,0,0,0,0,0,0,0,0,0,0,"7,2",0,0,0,0,0,0,0,0,0,0
10/06/2018,0,"1,44","0,48",0,"34,08","35,52","0,96","1,44","5,76","0,48",0,"4,8",0,0,0,0,0,"2,4",0,0,0,0,0,0,0,0,0,0,0,0,0,0,0,0,"0,48",0,0,0,"3,84","91,68","1,44",0,0,0,0,0,0,0,0,"0,96",0,0,0,0,0,0,0,0,0,0,0,0,0,0,0,0,0,"34,08",0,0,0,0,0,0,0,0,0,0
11/06/2018,0,"0,96",0,0,"36,96","6,24","0,48","0,48","0,48","0,96",0,0,0,0,0,0,0,,0,0,0,0,0,0,0,0,0,0,0,0,0,0,0,0,"1,44",0,0,0,"2,4","50,4","0,96",0,0,0,0,0,0,0,0,"0,48",0,0,0,0,0,0,0,0,0,0,0,0,0,0,0,0,0,"36,96",0,0,0,0,0,0,0,0,0,0
12/06/2018,0,0,0,0,"32,16","3,84",0,"0,48",0,0,"1,92","0,48",0,0,0,0,0,"1,44",0,0,0,0,0,0,0,0,0,0,0,0,0,0,0,0,"0,48",0,0,0,"0,48","41,28",0,0,0,0,0,0,0,0,0,0,0,0,0,0,0,0,0,0,0,0,0,0,0,0,0,0,0,"32,16",0,0,0,0,0,0,0,0,0,0
13/06/2018,0,"0,48",0,0,"84,96","6,24",0,0,"3,36","0,48",0,"1,92",0,0,0,0,0,0,0,0,0,0,0,0,0,0,0,0,0,0,0,0,0,0,"0,48",0,0,0,"3,36","101,28","0,48",0,0,0,0,0,0,0,0,0,0,0,0,0,0,0,0,0,0,0,0,0,0,0,0,0,0,"84,96",0,0,0,0,0,0,0,0,0,0
14/06/2018,0,0,"0,48",0,"12,48","7,68",0,"0,96","2,4","0,48","0,48",0,0,0,0,0,0,0,0,0,0,0,0,0,0,0,0,0,0,0,0,0,0,0,0,0,0,0,"0,96","25,92",0,0,0,0,0,0,0,0,0,0,0,0,0,0,0,0,0,0,0,0,0,0,0,0,0,0,0,"12,48",0,0,0,0,0,0,0,0,0,0
15/06/2018,0,0,0,0,"12,96","3,36",0,0,"1,44",0,0,0,0,0,0,0,0,0,0,0,0,0,0,0,0,0,0,0,0,0,0,0,0,0,"0,48",0,0,0,"0,48","18,72",0,0,0,0,0,0,0,0,0,0,0,0,0,0,0,0,0,0,0,0,0,0,0,0,0,0,0,"12,96",0,0,0,0,0,0,0,0,0,0
16/06/2018,0,0,0,0,"10,08","2,88",0,"0,48","0,48","0,96",0,"1,44",0,0,0,0,0,"0,48",0,0,0,0,0,0,0,0,0,0,0,0,0,0,0,0,"1,44",0,0,0,"0,96","19,2",0,0,0,0,0,0,0,0,0,0,0,0,0,0,0,0,0,0,0,0,0,0,0,0,0,0,0,"10,08",0,0,0,0,0,0,0,0,0,0
18/06/2018,0,0,0,0,66,13,0,3,6,2,0,3,0,0,0,0,0,0,0,0,0,0,0,0,0,0,0,0,0,0,0,0,0,0,0,0,0,0,0,93,0,0,0,0,0,0,0,0,0,0,0,0,0,0,0,0,0,0,0,0,0,0,0,0,0,0,0,66,0,0,0,0,0,0,0,0,0,0
19/06/2018,0,0,0,0,32,18,11,2,4,0,0,0,0,0,0,0,0,2,0,0,0,0,0,0,0,0,0,0,0,0,0,0,0,0,4,0,0,0,5,78,0,0,0,0,0,0,0,0,0,11,0,0,0,0,0,0,0,0,0,0,0,0,0,0,0,0,0,32,0,0,0,0,0,0,0,0,0,0
20/06/2018,0,0,2,0,28,15,0,0,10,0,0,2,0,0,0,0,0,1,0,0,0,0,0,0,0,0,0,0,0,0,0,0,0,0,2,0,0,0,5,65,0,0,0,0,0,0,0,0,0,0,0,0,0,0,0,0,0,0,0,0,0,0,0,0,0,0,0,28,0,0,0,0,0,0,0,0,0,0
21/06/2018,0,0,0,0,22,14,0,4,7,0,2,0,0,0,0,0,0,4,0,0,0,0,0,0,0,0,0,0,0,0,0,0,0,0,0,0,0,0,2,55,0,0,0,0,0,0,0,0,0,0,0,0,0,0,0,0,0,0,0,0,0,0,0,0,0,0,0,22,0,0,0,0,0,0,0,0,0,0
22/06/2018,0,0,0,0,10,18,3,5,3,0,0,1,0,0,0,0,0,0,0,0,0,0,0,0,0,0,0,0,0,0,0,0,0,0,2,0,0,0,5,47,0,0,0,0,0,0,0,0,0,3,0,0,0,0,0,0,0,0,0,0,0,0,0,0,0,0,0,10,0,0,0,0,0,0,0,0,0,0
23/06/2018,0,0,0,0,17,26,0,0,11,0,0,3,0,0,0,0,0,6,0,0,0,0,0,0,0,0,0,0,0,0,0,0,0,0,2,0,0,0,0,65,0,0,0,0,0,0,0,0,0,0,0,0,0,0,0,0,0,0,0,0,0,0,0,0,0,0,0,17,0,0,0,0,0,0,0,0,0,0
24/06/2018,0,0,0,0,14,9,0,2,9,3,0,0,0,0,0,0,0,0,0,0,0,0,0,0,0,0,0,0,0,0,0,0,0,0,0,0,0,0,2,39,0,0,0,0,0,0,0,0,0,0,0,0,0,0,0,0,0,0,0,0,0,0,0,0,0,0,0,14,0,0,0,0,0,0,0,0,0,0
25/06/2018,0,0,0,0,2,1,0,1,1,0,0,0,0,0,0,0,0,1,0,0,0,0,0,0,0,0,0,0,0,0,0,0,0,0,0,0,0,0,1,7,0,0,0,0,0,0,0,0,0,0,0,0,0,0,0,0,0,0,0,0,0,0,0,0,0,0,0,2,0,0,0,0,0,0,0,0,0,0
26/06/2018,0,0,0,0,40,3,0,2,0,0,0,0,0,0,0,0,0,0,0,0,0,0,0,0,0,0,0,0,0,0,0,0,0,0,0,0,0,0,0,45,0,0,0,0,0,0,0,0,0,0,0,0,0,0,0,0,0,0,0,0,0,0,0,0,0,0,0,40,0,0,0,0,0,0,0,0,0,0
27/06/2018,0,0,0,0,50,8,0,3,4,2,0,0,0,0,0,0,0,3,0,0,0,0,0,0,0,0,0,0,0,0,0,0,0,0,1,0,0,0,12,83,0,0,0,0,0,0,0,0,0,0,0,0,0,0,0,0,0,0,0,0,0,0,0,0,0,0,0,50,0,0,0,0,0,0,0,0,0,0
28/06/2018,0,0,0,0,17,18,0,4,9,2,0,1,0,0,0,0,0,3,0,0,0,0,0,0,0,0,0,0,0,0,0,0,0,0,0,0,0,0,3,57,0,0,0,0,0,0,0,0,0,0,0,0,0,0,0,0,0,0,0,0,0,0,0,0,0,0,0,17,0,0,0,0,0,0,0,0,0,0
29/06/2018,0,0,1,0,37,11,0,3,5,0,0,3,0,0,0,0,0,3,0,0,0,0,0,0,0,0,0,0,0,0,0,0,0,0,0,0,0,0,2,65,0,0,0,0,0,0,0,0,0,0,0,0,0,0,0,0,0,0,0,0,0,0,0,0,0,0,0,37,0,0,0,0,0,0,0,0,0,0
30/06/2018,0,0,0,0,7,12,0,1,3,2,0,0,0,0,0,0,0,2,0,0,0,0,0,0,0,0,0,0,0,0,0,0,0,0,0,0,0,0,0,27,0,0,0,0,0,0,0,0,0,0,0,0,0,0,0,0,0,0,0,0,0,0,0,0,0,0,0,7,0,0,0,0,0,0,0,0,0,0
01/07/2018,0,0,0,0,26,10,0,2,5,0,0,0,0,0,0,0,0,3,0,0,0,0,0,0,0,0,0,0,0,0,0,0,0,0,1,0,0,0,2,49,0,0,0,0,0,0,0,0,0,0,0,0,0,0,0,0,0,0,0,0,0,0,0,0,0,0,0,26,0,0,0,0,0,0,0,0,0,0
02/07/2018,0,0,"0,48",0,"5,76","7,68",0,"2,88","0,48","0,48",0,0,0,0,0,0,0,"0,48",0,0,0,0,0,0,0,0,0,0,0,0,0,0,0,0,"0,96",0,0,0,"4,32","23,52",0,0,0,0,0,0,0,0,0,0,0,0,0,0,0,0,0,0,0,0,0,0,0,0,0,0,0,"5,76",0,0,0,0,0,0,0,0,0,0
03/07/2018,0,0,0,0,"0,96","2,88",0,"2,4",0,0,0,0,0,0,0,0,0,"1,44",0,0,0,0,0,0,0,0,0,0,0,0,0,0,0,0,0,0,0,0,"0,96","8,64",0,0,0,0,0,0,0,0,0,0,0,0,0,0,0,0,0,0,0,0,0,0,0,0,0,0,0,"0,96",0,0,0,0,0,0,0,0,0,0
04/07/2018,0,0,0,0,"7,68","2,4",0,"0,48","2,88",0,0,0,0,0,0,0,0,"0,48",0,0,0,0,0,0,0,0,0,0,0,0,0,0,0,0,0,0,0,0,"0,96","14,88",0,0,0,0,0,0,0,0,0,0,0,0,0,0,0,0,0,0,0,0,0,0,0,0,0,0,0,"7,68",0,0,0,0,0,0,0,0,0,0
05/07/2018,0,0,0,0,"0,96","3,84",0,"2,4","1,44","0,48",0,"0,48",0,0,0,0,0,0,0,0,0,0,0,0,0,0,0,0,0,0,0,0,0,0,0,0,0,0,"0,48","10,08",0,0,0,0,0,0,0,0,0,0,0,0,0,0,0,0,0,0,0,0,0,0,0,0,0,0,0,"0,96",0,0,0,0,0,0,0,0,0,0
06/07/2018,0,0,0,0,"4,8","1,44",0,"1,44","2,4","0,48",0,"0,48",0,0,0,0,0,"1,44",0,0,0,0,0,0,0,0,0,0,0,0,0,0,0,0,"0,48",0,0,0,"1,92","14,88",0,0,0,0,0,0,0,0,0,0,0,0,0,0,0,0,0,0,0,0,0,0,0,0,0,0,0,"4,8",0,0,0,0,0,0,0,0,0,0
07/07/2018,0,0,"1,92",0,"1,92","2,4",0,"0,48","1,92","0,48",0,0,0,0,0,0,0,0,0,0,0,0,0,0,0,0,0,0,0,0,0,0,0,0,"0,96",0,0,0,"0,48","10,56",0,0,0,0,0,0,0,0,0,0,0,0,0,0,0,0,0,0,0,0,0,0,0,0,0,0,0,"1,92",0,0,0,0,0,0,0,0,0,0
08/07/2018,0,0,0,0,0,0,0,0,0,0,0,0,0,0,0,0,0,0,0,0,0,0,0,0,0,0,0,0,0,0,0,0,0,0,0,0,0,0,,0,0,0,0,0,0,0,0,0,0,0,0,0,0,0,0,0,0,0,0,0,0,0,0,0,0,0,0,0,0,0,0,0,0,0,0,0,0,0
09/07/2018,0,0,0,0,0,"2,4",0,0,"2,88",0,0,0,0,0,0,0,0,"0,48",0,0,0,0,0,0,0,0,0,0,0,0,0,0,0,0,0,0,0,0,"0,96","6,72",0,0,0,0,0,0,0,0,0,0,0,0,0,0,0,0,0,0,0,0,0,0,0,0,0,0,0,0,0,0,0,0,0,0,0,0,0,0
10/07/2018,0,0,0,0,"1,92","2,88",0,"0,96","5,76",0,0,"0,48",0,0,0,0,0,"4,8",0,0,0,0,0,0,0,0,0,0,0,0,0,0,0,0,0,0,0,0,"1,92","18,72",0,0,0,0,0,0,0,0,0,0,0,0,0,0,0,0,0,0,0,0,0,0,0,0,0,0,0,"1,92",0,0,0,0,0,0,0,0,0,0
11/07/2018,0,0,0,0,"3,84","3,36",0,0,"1,92",0,0,0,0,0,0,0,0,0,0,0,0,0,0,0,0,0,0,0,0,0,0,0,0,0,0,0,0,0,"0,96","10,08",0,0,0,0,0,0,0,0,0,0,0,0,0,0,0,0,0,0,0,0,0,0,0,0,0,0,0,"3,84",0,0,0,0,0,0,0,0,0,0
12/07/2018,0,0,0,0,0,"6,24",0,0,0,0,0,"0,48",0,0,0,0,0,"3,36",0,0,0,0,0,0,0,0,0,0,0,0,0,0,0,0,0,0,0,0,"0,48",12,0,0,0,0,0,0,0,0,0,0,0,0,0,0,0,0,0,0,0,0,0,0,0,0,0,0,0,0,0,0,0,0,0,0,0,0,0,0
13/07/2018,0,0,0,0,"2,4","1,44",0,0,0,0,0,0,0,0,0,0,0,0,0,0,0,0,0,0,0,0,0,0,0,0,0,0,0,0,0,0,0,0,"0,48","4,32",0,0,0,0,0,0,0,0,0,0,0,0,0,0,0,0,0,0,0,0,0,0,0,0,0,0,0,"2,4",0,0,0,0,0,0,0,0,0,0
14/07/2018,0,0,0,0,"5,28","2,4",0,0,0,0,0,"0,96",0,0,0,0,0,"1,92",0,0,0,0,0,0,0,0,0,0,0,0,0,0,0,0,0,0,0,0,"0,96","11,52",0,0,0,0,0,0,0,0,0,0,0,0,0,0,0,0,0,0,0,0,0,0,0,0,0,0,0,"5,28",0,0,0,0,0,0,0,0,0,0
15/07/2018,0,0,0,0,"2,4","1,44",0,0,0,0,0,0,0,0,0,0,0,"0,48",0,0,0,0,0,0,0,0,0,0,0,0,0,0,0,0,0,0,0,0,"3,36","7,68",0,0,0,0,0,0,0,0,0,0,0,0,0,0,0,0,0,0,0,0,0,0,0,0,0,0,0,"2,4",0,0,0,0,0,0,0,0,0,0
16/07/2018,0,0,0,0,0,"0,96",0,0,"0,48","0,48",0,0,0,0,0,0,0,"0,96",0,0,0,0,0,0,0,0,0,0,0,0,0,0,0,0,0,0,0,0,"0,48","3,36",0,0,0,0,0,0,0,0,0,0,0,0,0,0,0,0,0,0,0,0,0,0,0,0,0,0,0,0,0,0,0,0,0,0,0,0,0,0
17/07/2018,0,0,0,0,0,"4,32",0,"0,48","0,48",0,0,"0,48",0,0,0,0,0,0,0,0,0,0,0,0,0,0,0,0,0,0,0,0,0,0,"0,48",0,0,0,"1,44","7,68",0,0,0,0,0,0,0,0,0,0,0,0,0,0,0,0,0,0,0,0,0,0,0,0,0,0,0,0,0,0,0,0,0,0,0,0,0,0
18/07/2018,0,0,"0,96",0,"0,48","4,32",0,"0,96","5,28",0,"1,92","0,96",0,0,0,0,0,0,0,0,0,0,0,0,0,0,0,0,0,0,0,0,0,0,"1,44",0,0,0,"2,88","19,2",0,0,0,0,0,0,0,0,0,0,0,0,0,0,0,0,0,0,0,0,0,0,0,0,0,0,0,"0,48",0,0,0,0,0,0,0,0,0,0
19/07/2018,0,0,0,0,0,"8,64",0,"0,48","1,44","1,44","1,44","0,48",0,0,0,0,0,0,0,0,0,0,0,0,0,0,0,0,0,0,0,0,0,0,0,0,0,0,"2,88","16,8",0,0,0,0,0,0,0,0,0,0,0,0,0,0,0,0,0,0,0,0,0,0,0,0,0,0,0,0,0,0,0,0,0,0,0,0,0,0
20/07/2018,0,0,0,0,"0,48","1,92",0,"0,48","1,92","0,48",0,0,0,0,0,0,0,0,0,0,0,0,0,0,0,0,0,0,0,0,0,0,0,0,0,0,0,0,,"5,76",0,0,0,0,0,0,0,0,0,0,0,0,0,0,0,0,0,0,0,0,0,0,0,0,0,0,0,"0,48",0,0,0,0,0,0,0,0,0,0
21/07/2018,0,0,0,0,"0,96","0,48",0,0,"2,88",0,0,0,0,0,0,0,0,0,0,0,0,0,0,0,0,0,0,0,0,0,0,0,0,0,0,0,0,0,"0,48","4,8",0,0,0,0,0,0,0,0,0,0,0,0,0,0,0,0,0,0,0,0,0,0,0,0,0,0,0,"0,96",0,0,0,0,0,0,0,0,0,0
22/07/2018,0,0,0,0,"0,48","2,88",0,"0,48","8,64",0,0,"1,92",0,0,0,0,0,0,0,0,0,0,0,0,0,0,0,0,0,0,0,0,0,0,0,0,0,0,"0,48","14,88",0,0,0,0,0,0,0,0,0,0,0,0,0,0,0,0,0,0,0,0,0,0,0,0,0,0,0,"0,48",0,0,0,0,0,0,0,0,0,0
30/07/2018,0,0,"0,48",0,0,"0,48",0,0,"0,48","0,48","0,48",0,0,0,0,0,0,0,0,0,0,0,0,0,0,0,0,0,0,0,0,0,0,0,0,0,0,0,,"2,4",0,0,0,"0,48",0,0,0,0,0,0,0,0,0,0,0,0,0,0,0,0,0,0,0,0,0,0,0,0,0,0,0,0,0,0,0,0,0,0
31/07/2018,0,0,0,0,0,"2,4",0,"1,44","3,84",0,0,"1,44",0,0,0,0,0,0,0,0,"1,44",0,0,0,0,0,0,0,0,0,0,0,0,0,0,0,0,0,"0,48","11,04",0,0,0,0,0,0,0,0,0,0,0,0,0,0,0,0,0,0,0,0,0,0,0,0,0,0,0,0,0,0,0,0,0,0,0,0,0,0
01/08/2018,0,0,"0,48",0,0,"3,84",0,"0,48","4,8",0,"1,44","2,88",0,0,0,0,0,0,0,0,"0,96",0,0,0,0,0,0,0,0,0,0,0,0,0,0,0,0,0,"2,4","17,28",0,0,0,0,0,0,0,0,0,0,0,0,0,0,0,0,0,0,0,0,0,0,0,0,0,0,0,0,0,0,0,0,0,0,0,0,0,0
02/08/2018,0,0,0,0,0,"0,96",0,"0,48","0,48",0,0,"0,48",0,0,0,0,0,0,0,0,"0,48",0,0,0,0,0,0,0,0,0,0,0,0,0,0,0,0,0,"0,48","3,36",0,0,0,0,0,0,0,0,0,0,0,0,0,0,0,0,0,0,0,0,0,0,0,0,0,0,0,0,0,0,0,0,0,0,0,0,0,0
03/08/2018,0,0,0,0,0,"1,44",0,"0,48","1,92",0,0,0,0,0,0,0,0,0,0,0,"0,48",0,0,0,0,0,0,0,0,0,0,0,0,0,0,0,0,0,"0,48","4,8",0,0,0,0,0,0,0,0,0,0,0,0,0,0,0,0,0,0,0,0,0,0,0,0,0,0,0,0,0,0,0,0,0,0,0,0,0,0
04/08/2018,0,0,"0,48",0,0,"0,96",0,"0,48","1,92",0,0,"0,48",0,0,0,0,0,0,0,0,"0,48",0,0,0,0,0,0,0,0,0,0,0,0,0,0,0,0,0,,"4,8",0,0,"0,48",0,0,0,0,0,0,0,0,0,0,0,0,0,0,0,0,0,0,0,0,0,0,0,0,0,0,0,0,0,0,0,0,0,0,0
05/08/2018,0,0,"1,44",0,"0,96","1,92",0,0,"1,92",0,"0,48","0,48",0,0,0,0,0,0,0,0,0,0,0,0,0,0,0,0,0,0,0,0,0,0,0,0,0,0,"0,48","7,68",0,0,0,"1,44",0,0,0,0,0,0,0,0,0,0,0,0,0,0,0,0,0,0,0,0,0,0,0,"0,96",0,0,0,0,0,0,0,0,0,0